timestamp,edge_id,rainfall_rate_mm_h
1775000000,E1,19.805
1775000001,E1,23.421
1775000002,E1,15.478
1775000003,E1,27.535
1775000004,E1,26.028
1775000005,E1,25.556
1775000006,E1,18.534
1775000007,E1,26.831
1775000008,E1,18.158
1775000009,E1,20.569
1775000010,E1,21.114
1775000011,E1,18.151
1775000012,E1,20.853
1775000013,E1,22.496
1775000014,E1,21.69
1775000015,E1,24.729
1775000016,E1,26.924
1775000017,E1,16.979
1775000018,E1,22.624
1775000019,E1,15.943
1775000020,E1,25.301
1775000021,E1,16.678
1775000022,E1,23.041
1775000023,E1,18.996
1775000024,E1,28.883
1775000025,E1,19.676
1775000026,E1,23.811
1775000027,E1,16.647
1775000028,E1,16.727
1775000029,E1,25.94
1775000030,E1,27.357
1775000031,E1,19.245
1775000032,E1,19.471
1775000033,E1,26.306
1775000034,E1,19.644
1775000035,E1,15.904
1775000036,E1,24.049
1775000037,E1,27.186
1775000038,E1,25.218
1775000039,E1,16.525
1775000040,E1,27.223
1775000041,E1,24.618
1775000042,E1,27.171
1775000043,E1,27.2
1775000044,E1,28.071
1775000045,E1,29.802
1775000046,E1,21.839
1775000047,E1,28.275
1775000048,E1,24.788
1775000049,E1,29.949
1775000050,E1,17.635
1775000051,E1,18.354
1775000052,E1,25.691
1775000053,E1,18.852
1775000054,E1,26.257
1775000055,E1,22.578
1775000056,E1,24.257
1775000057,E1,23.959
1775000058,E1,17.557
1775000059,E1,19.259
1775000060,E1,17.83
1775000061,E1,23.44
1775000062,E1,28.787
1775000063,E1,22.537
1775000064,E1,25.691
1775000065,E1,17.392
1775000066,E1,19.754
1775000067,E1,20.441
1775000068,E1,18.28
1775000069,E1,30.075
1775000070,E1,22.812
1775000071,E1,20.962
1775000072,E1,26.844
1775000073,E1,27.892
1775000074,E1,30.152
1775000075,E1,21.005
1775000076,E1,17.61
1775000077,E1,29.097
1775000078,E1,23.057
1775000079,E1,29.568
1775000080,E1,21.948
1775000081,E1,25.092
1775000082,E1,18.634
1775000083,E1,30.949
1775000084,E1,26.841
1775000085,E1,23.016
1775000086,E1,22.244
1775000087,E1,23.222
1775000088,E1,29.761
1775000089,E1,18.984
1775000090,E1,21.835
1775000091,E1,22.806
1775000092,E1,29.214
1775000093,E1,24.814
1775000094,E1,30.552
1775000095,E1,23.633
1775000096,E1,27.45
1775000097,E1,31.491
1775000098,E1,28.095
1775000099,E1,30.085
1775000100,E1,22.464
1775000101,E1,22.496
1775000102,E1,23.398
1775000103,E1,27.869
1775000104,E1,23.155
1775000105,E1,23.495
1775000106,E1,27.178
1775000107,E1,29.793
1775000108,E1,23.69
1775000109,E1,31.064
1775000110,E1,23.084
1775000111,E1,23.117
1775000112,E1,24.583
1775000113,E1,31.489
1775000114,E1,30.341
1775000115,E1,24.854
1775000116,E1,32.52
1775000117,E1,30.112
1775000118,E1,32.421
1775000119,E1,34.617
1775000120,E1,35.179
1775000121,E1,35.957
1775000122,E1,28.672
1775000123,E1,25.473
1775000124,E1,38.036
1775000125,E1,33.647
1775000126,E1,29.07
1775000127,E1,38.689
1775000128,E1,40.575
1775000129,E1,30.024
1775000130,E1,37.993
1775000131,E1,29.836
1775000132,E1,35.813
1775000133,E1,34.525
1775000134,E1,44.331
1775000135,E1,40.201
1775000136,E1,34.499
1775000137,E1,40.829
1775000138,E1,47.355
1775000139,E1,43.424
1775000140,E1,40.994
1775000141,E1,42.285
1775000142,E1,45.36
1775000143,E1,41.224
1775000144,E1,45.999
1775000145,E1,53.62
1775000146,E1,52.062
1775000147,E1,41.957
1775000148,E1,45.729
1775000149,E1,49.177
1775000150,E1,50.584
1775000151,E1,47.676
1775000152,E1,51.924
1775000153,E1,54.227
1775000154,E1,57.322
1775000155,E1,49.792
1775000156,E1,60.826
1775000157,E1,52.228
1775000158,E1,58.589
1775000159,E1,54.093
1775000160,E1,63.013
1775000161,E1,54.344
1775000162,E1,56.603
1775000163,E1,63.718
1775000164,E1,67.089
1775000165,E1,64.819
1775000166,E1,59.02
1775000167,E1,66.657
1775000168,E1,69.208
1775000169,E1,64.58
1775000170,E1,66.244
1775000171,E1,73.646
1775000172,E1,64.136
1775000173,E1,70.261
1775000174,E1,66.551
1775000175,E1,63.095
1775000176,E1,72.683
1775000177,E1,62.743
1775000178,E1,62.879
1775000179,E1,63.024
1775000180,E1,71.667
1775000181,E1,72.99
1775000182,E1,75.048
1775000183,E1,73.649
1775000184,E1,64.364
1775000185,E1,75.907
1775000186,E1,71.514
1775000187,E1,68.457
1775000188,E1,74.068
1775000189,E1,69.893
1775000190,E1,68.129
1775000191,E1,70.107
1775000192,E1,63.7
1775000193,E1,71.944
1775000194,E1,72.245
1775000195,E1,72.737
1775000196,E1,69.971
1775000197,E1,59.646
1775000198,E1,68.678
1775000199,E1,64.49
1775000200,E1,67.789
1775000201,E1,61.865
1775000202,E1,57.119
1775000203,E1,54.013
1775000204,E1,56.549
1775000205,E1,61.601
1775000206,E1,63.776
1775000207,E1,55.701
1775000208,E1,50.004
1775000209,E1,60.847
1775000210,E1,51.038
1775000211,E1,51.482
1775000212,E1,57.193
1775000213,E1,48.66
1775000214,E1,54.677
1775000215,E1,50.476
1775000216,E1,43.686
1775000217,E1,44.818
1775000218,E1,55.367
1775000219,E1,45.569
1775000220,E1,50.68
1775000221,E1,41.975
1775000222,E1,46.395
1775000223,E1,44.694
1775000224,E1,42.912
1775000225,E1,43.55
1775000226,E1,40.32
1775000227,E1,39.699
1775000228,E1,37.736
1775000229,E1,45.342
1775000230,E1,47.42
1775000231,E1,37.601
1775000232,E1,45.824
1775000233,E1,34.282
1775000234,E1,39.484
1775000235,E1,32.018
1775000236,E1,37.647
1775000237,E1,42.752
1775000238,E1,42.981
1775000239,E1,39.778
1775000240,E1,28.853
1775000241,E1,32.401
1775000242,E1,28.599
1775000243,E1,30.527
1775000244,E1,28.176
1775000245,E1,37.535
1775000246,E1,37.176
1775000247,E1,28.44
1775000248,E1,35.213
1775000249,E1,33.127
1775000250,E1,31.959
1775000251,E1,30.781
1775000252,E1,31.845
1775000253,E1,36.153
1775000254,E1,33.347
1775000255,E1,37.449
1775000256,E1,25.372
1775000257,E1,30.735
1775000258,E1,34.89
1775000259,E1,32.52
1775000260,E1,36.272
1775000261,E1,29.336
1775000262,E1,29.62
1775000263,E1,32.208
1775000264,E1,33.459
1775000265,E1,29.052
1775000266,E1,30.538
1775000267,E1,33.607
1775000268,E1,31.791
1775000269,E1,36.346
1775000270,E1,36.164
1775000271,E1,32.028
1775000272,E1,29.071
1775000273,E1,29.119
1775000274,E1,33.646
1775000275,E1,29.604
1775000276,E1,35.164
1775000277,E1,37.658
1775000278,E1,36.309
1775000279,E1,29.36
1775000280,E1,32.142
1775000281,E1,30.097
1775000282,E1,27.652
1775000283,E1,36.433
1775000284,E1,28.752
1775000285,E1,26.451
1775000286,E1,37.115
1775000287,E1,34.974
1775000288,E1,25.967
1775000289,E1,27.125
1775000290,E1,24.761
1775000291,E1,34.214
1775000292,E1,31.106
1775000293,E1,32.31
1775000294,E1,36.49
1775000295,E1,29.021
1775000296,E1,24.733
1775000297,E1,33.232
1775000298,E1,25.883
1775000299,E1,33.652
1775000300,E1,33.382
1775000301,E1,29.578
1775000302,E1,36.735
1775000303,E1,28.564
1775000304,E1,34.112
1775000305,E1,30.008
1775000306,E1,37.584
1775000307,E1,25.221
1775000308,E1,34.301
1775000309,E1,35.12
1775000310,E1,25.507
1775000311,E1,29.184
1775000312,E1,35.085
1775000313,E1,38.102
1775000314,E1,35.472
1775000315,E1,30.278
1775000316,E1,37.397
1775000317,E1,26.004
1775000318,E1,32.875
1775000319,E1,33.653
1775000320,E1,36.664
1775000321,E1,31.903
1775000322,E1,36.549
1775000323,E1,34.53
1775000324,E1,37.842
1775000325,E1,37.853
1775000326,E1,31.737
1775000327,E1,37.877
1775000328,E1,32.445
1775000329,E1,35.461
1775000330,E1,29.885
1775000331,E1,28.28
1775000332,E1,28.895
1775000333,E1,33.726
1775000334,E1,31.067
1775000335,E1,37.187
1775000336,E1,38.604
1775000337,E1,33.188
1775000338,E1,30.476
1775000339,E1,39.595
1775000340,E1,39.826
1775000341,E1,28.176
1775000342,E1,37.171
1775000343,E1,37.15
1775000344,E1,35.747
1775000345,E1,36.041
1775000346,E1,31.451
1775000347,E1,39.345
1775000348,E1,32.333
1775000349,E1,34.713
1775000350,E1,34.283
1775000351,E1,37.996
1775000352,E1,37.571
1775000353,E1,39.224
1775000354,E1,28.78
1775000355,E1,29.184
1775000356,E1,29.744
1775000357,E1,33.592
1775000358,E1,28.112
1775000359,E1,32.242
1775000000,E2,21.902
1775000001,E2,20.158
1775000002,E2,26.01
1775000003,E2,31.418
1775000004,E2,26.614
1775000005,E2,30.377
1775000006,E2,21.094
1775000007,E2,19.735
1775000008,E2,22.892
1775000009,E2,29.777
1775000010,E2,31.047
1775000011,E2,25.549
1775000012,E2,21.411
1775000013,E2,28.472
1775000014,E2,30.422
1775000015,E2,29.133
1775000016,E2,20.128
1775000017,E2,22.493
1775000018,E2,27.996
1775000019,E2,25.758
1775000020,E2,29.948
1775000021,E2,31.469
1775000022,E2,33.117
1775000023,E2,23.74
1775000024,E2,32.229
1775000025,E2,24.46
1775000026,E2,23.433
1775000027,E2,30.967
1775000028,E2,31.094
1775000029,E2,22.694
1775000030,E2,33.172
1775000031,E2,24.572
1775000032,E2,24.997
1775000033,E2,30.603
1775000034,E2,34.295
1775000035,E2,24.732
1775000036,E2,28.961
1775000037,E2,27.761
1775000038,E2,27.144
1775000039,E2,24.706
1775000040,E2,21.289
1775000041,E2,33.059
1775000042,E2,31.956
1775000043,E2,32.795
1775000044,E2,23.649
1775000045,E2,34.296
1775000046,E2,25.451
1775000047,E2,27.895
1775000048,E2,28.451
1775000049,E2,21.639
1775000050,E2,26.793
1775000051,E2,31.088
1775000052,E2,27.894
1775000053,E2,27.141
1775000054,E2,22.927
1775000055,E2,30.922
1775000056,E2,25.701
1775000057,E2,23.112
1775000058,E2,22.88
1775000059,E2,32.542
1775000060,E2,25.368
1775000061,E2,26.773
1775000062,E2,32.365
1775000063,E2,30.979
1775000064,E2,34.975
1775000065,E2,25.898
1775000066,E2,28.072
1775000067,E2,27.423
1775000068,E2,22.908
1775000069,E2,25.128
1775000070,E2,29.302
1775000071,E2,22.892
1775000072,E2,27.478
1775000073,E2,33.462
1775000074,E2,24.321
1775000075,E2,35.396
1775000076,E2,34.51
1775000077,E2,26.378
1775000078,E2,34.004
1775000079,E2,35.43
1775000080,E2,31.748
1775000081,E2,29.884
1775000082,E2,25.397
1775000083,E2,23.93
1775000084,E2,34.869
1775000085,E2,28.897
1775000086,E2,28.128
1775000087,E2,23.363
1775000088,E2,25.192
1775000089,E2,24.043
1775000090,E2,31.852
1775000091,E2,34.466
1775000092,E2,27.641
1775000093,E2,32.717
1775000094,E2,33.065
1775000095,E2,28.224
1775000096,E2,25.694
1775000097,E2,26.182
1775000098,E2,35.177
1775000099,E2,36.526
1775000100,E2,33.837
1775000101,E2,31.967
1775000102,E2,33.368
1775000103,E2,32.205
1775000104,E2,32.082
1775000105,E2,26.093
1775000106,E2,27.283
1775000107,E2,37.07
1775000108,E2,30.442
1775000109,E2,30.434
1775000110,E2,33.602
1775000111,E2,28.175
1775000112,E2,35.531
1775000113,E2,25.847
1775000114,E2,28.597
1775000115,E2,29.476
1775000116,E2,29.126
1775000117,E2,26.203
1775000118,E2,24.175
1775000119,E2,23.682
1775000120,E2,25.109
1775000121,E2,27.444
1775000122,E2,26.907
1775000123,E2,28.392
1775000124,E2,24.78
1775000125,E2,34.356
1775000126,E2,35.779
1775000127,E2,32.695
1775000128,E2,32.548
1775000129,E2,31.45
1775000130,E2,26.024
1775000131,E2,25.561
1775000132,E2,37.849
1775000133,E2,28.15
1775000134,E2,30.833
1775000135,E2,27.624
1775000136,E2,33.118
1775000137,E2,35.107
1775000138,E2,37.044
1775000139,E2,28.537
1775000140,E2,37.99
1775000141,E2,24.924
1775000142,E2,35.043
1775000143,E2,34.677
1775000144,E2,37.631
1775000145,E2,38.012
1775000146,E2,28.972
1775000147,E2,35.354
1775000148,E2,36.104
1775000149,E2,32.632
1775000150,E2,32.793
1775000151,E2,37.227
1775000152,E2,36.27
1775000153,E2,29.69
1775000154,E2,37.152
1775000155,E2,32.61
1775000156,E2,30.888
1775000157,E2,33.591
1775000158,E2,28.759
1775000159,E2,27.413
1775000160,E2,29.519
1775000161,E2,31.06
1775000162,E2,35.59
1775000163,E2,33.748
1775000164,E2,34.522
1775000165,E2,38.092
1775000166,E2,26.518
1775000167,E2,34.281
1775000168,E2,36.515
1775000169,E2,35.993
1775000170,E2,34.726
1775000171,E2,38.957
1775000172,E2,32.791
1775000173,E2,29.576
1775000174,E2,31.102
1775000175,E2,36.961
1775000176,E2,40.555
1775000177,E2,32.032
1775000178,E2,29.672
1775000179,E2,37.811
1775000180,E2,31.311
1775000181,E2,41.3
1775000182,E2,34.18
1775000183,E2,37.93
1775000184,E2,36.325
1775000185,E2,38.82
1775000186,E2,30.572
1775000187,E2,36.668
1775000188,E2,30.297
1775000189,E2,35.954
1775000190,E2,32.844
1775000191,E2,31.544
1775000192,E2,36.948
1775000193,E2,43.805
1775000194,E2,32.051
1775000195,E2,30.873
1775000196,E2,42.454
1775000197,E2,43.603
1775000198,E2,42.573
1775000199,E2,39.662
1775000200,E2,44.067
1775000201,E2,42.933
1775000202,E2,43.054
1775000203,E2,46.32
1775000204,E2,45.164
1775000205,E2,41.599
1775000206,E2,39.641
1775000207,E2,42.533
1775000208,E2,44.154
1775000209,E2,41.027
1775000210,E2,50.145
1775000211,E2,49.742
1775000212,E2,43.97
1775000213,E2,39.575
1775000214,E2,40.707
1775000215,E2,46.424
1775000216,E2,49.132
1775000217,E2,50.329
1775000218,E2,49.916
1775000219,E2,48.498
1775000220,E2,48.732
1775000221,E2,57.31
1775000222,E2,47.899
1775000223,E2,50.134
1775000224,E2,60.279
1775000225,E2,56.443
1775000226,E2,53.12
1775000227,E2,52.662
1775000228,E2,63.473
1775000229,E2,63.165
1775000230,E2,62.657
1775000231,E2,58.357
1775000232,E2,54.645
1775000233,E2,64.978
1775000234,E2,67.873
1775000235,E2,58.478
1775000236,E2,70.064
1775000237,E2,59.644
1775000238,E2,62.184
1775000239,E2,70.968
1775000240,E2,61.577
1775000241,E2,65.133
1775000242,E2,71.371
1775000243,E2,68.86
1775000244,E2,68.28
1775000245,E2,71.399
1775000246,E2,73.079
1775000247,E2,66.474
1775000248,E2,75.509
1775000249,E2,69.585
1775000250,E2,70.654
1775000251,E2,76.777
1775000252,E2,75.908
1775000253,E2,68.39
1775000254,E2,81.362
1775000255,E2,77.09
1775000256,E2,83.135
1775000257,E2,74.055
1775000258,E2,83.922
1775000259,E2,79.848
1775000260,E2,75.614
1775000261,E2,78.464
1775000262,E2,82.808
1775000263,E2,71.897
1775000264,E2,78.511
1775000265,E2,70.9
1775000266,E2,84.427
1775000267,E2,83.371
1775000268,E2,82.814
1775000269,E2,72.181
1775000270,E2,70.626
1775000271,E2,76.638
1775000272,E2,78.249
1775000273,E2,71.814
1775000274,E2,69.956
1775000275,E2,78.892
1775000276,E2,72.297
1775000277,E2,70.26
1775000278,E2,80.743
1775000279,E2,67.181
1775000280,E2,68.604
1775000281,E2,75.786
1775000282,E2,67.298
1775000283,E2,64.4
1775000284,E2,76.968
1775000285,E2,69.531
1775000286,E2,62.152
1775000287,E2,62.081
1775000288,E2,63.134
1775000289,E2,68.753
1775000290,E2,69.389
1775000291,E2,70.255
1775000292,E2,64.914
1775000293,E2,61.035
1775000294,E2,66.995
1775000295,E2,57.92
1775000296,E2,63.07
1775000297,E2,56.267
1775000298,E2,64.56
1775000299,E2,58.029
1775000300,E2,63.527
1775000301,E2,60.498
1775000302,E2,55.477
1775000303,E2,49.897
1775000304,E2,54.744
1775000305,E2,53.604
1775000306,E2,52.126
1775000307,E2,60.139
1775000308,E2,48.482
1775000309,E2,45.619
1775000310,E2,45.989
1775000311,E2,46.841
1775000312,E2,45.074
1775000313,E2,47.196
1775000314,E2,46.82
1775000315,E2,55.496
1775000316,E2,54.306
1775000317,E2,51.132
1775000318,E2,48.176
1775000319,E2,51.98
1775000320,E2,39.772
1775000321,E2,52.625
1775000322,E2,38.64
1775000323,E2,41.903
1775000324,E2,39.322
1775000325,E2,48.81
1775000326,E2,40.553
1775000327,E2,44.641
1775000328,E2,41.583
1775000329,E2,49.958
1775000330,E2,47.039
1775000331,E2,38.209
1775000332,E2,38.92
1775000333,E2,40.931
1775000334,E2,35.145
1775000335,E2,37.585
1775000336,E2,42.22
1775000337,E2,39.765
1775000338,E2,41.789
1775000339,E2,44.153
1775000340,E2,46.549
1775000341,E2,40.693
1775000342,E2,33.875
1775000343,E2,42.727
1775000344,E2,35.487
1775000345,E2,39.641
1775000346,E2,43.476
1775000347,E2,46.597
1775000348,E2,33.955
1775000349,E2,40.631
1775000350,E2,45.158
1775000351,E2,32.886
1775000352,E2,42.724
1775000353,E2,38.15
1775000354,E2,35.682
1775000355,E2,46.21
1775000356,E2,42.17
1775000357,E2,39.273
1775000358,E2,37.711
1775000359,E2,33.45
1775000000,E3,17.019
1775000001,E3,19.307
1775000002,E3,19.932
1775000003,E3,21.34
1775000004,E3,27.759
1775000005,E3,24.896
1775000006,E3,27.856
1775000007,E3,24.134
1775000008,E3,26.085
1775000009,E3,30.676
1775000010,E3,25.056
1775000011,E3,26.77
1775000012,E3,18.644
1775000013,E3,21.629
1775000014,E3,19.887
1775000015,E3,19.324
1775000016,E3,29.43
1775000017,E3,24.577
1775000018,E3,24.056
1775000019,E3,29.679
1775000020,E3,21.763
1775000021,E3,28.018
1775000022,E3,29.425
1775000023,E3,19.458
1775000024,E3,19.546
1775000025,E3,29.054
1775000026,E3,18.037
1775000027,E3,24.619
1775000028,E3,18.299
1775000029,E3,31.406
1775000030,E3,28.565
1775000031,E3,28.501
1775000032,E3,27.313
1775000033,E3,18.76
1775000034,E3,26.126
1775000035,E3,20.656
1775000036,E3,18.451
1775000037,E3,26.019
1775000038,E3,32.009
1775000039,E3,18.209
1775000040,E3,18.192
1775000041,E3,20.425
1775000042,E3,25.008
1775000043,E3,31.422
1775000044,E3,27.494
1775000045,E3,31.48
1775000046,E3,27.059
1775000047,E3,22.484
1775000048,E3,24.571
1775000049,E3,23.014
1775000050,E3,24.333
1775000051,E3,20.399
1775000052,E3,19.564
1775000053,E3,25.268
1775000054,E3,26.409
1775000055,E3,30.686
1775000056,E3,24.222
1775000057,E3,20.522
1775000058,E3,24.892
1775000059,E3,31.6
1775000060,E3,19.545
1775000061,E3,29.496
1775000062,E3,31.753
1775000063,E3,23.489
1775000064,E3,21.724
1775000065,E3,20.444
1775000066,E3,27.855
1775000067,E3,27.217
1775000068,E3,29.086
1775000069,E3,23.228
1775000070,E3,31.387
1775000071,E3,27.792
1775000072,E3,24.075
1775000073,E3,30.293
1775000074,E3,19.934
1775000075,E3,29.578
1775000076,E3,22.048
1775000077,E3,25.844
1775000078,E3,27.627
1775000079,E3,20.276
1775000080,E3,33.033
1775000081,E3,24.523
1775000082,E3,31.728
1775000083,E3,33.49
1775000084,E3,25.959
1775000085,E3,26.692
1775000086,E3,23.41
1775000087,E3,24.898
1775000088,E3,29.722
1775000089,E3,30.777
1775000090,E3,24.02
1775000091,E3,31.345
1775000092,E3,24.229
1775000093,E3,35.008
1775000094,E3,28.293
1775000095,E3,26.498
1775000096,E3,35.683
1775000097,E3,29.455
1775000098,E3,31.261
1775000099,E3,25.867
1775000100,E3,34.44
1775000101,E3,33.319
1775000102,E3,27.472
1775000103,E3,35.685
1775000104,E3,26.33
1775000105,E3,33.874
1775000106,E3,35.403
1775000107,E3,31.582
1775000108,E3,27.128
1775000109,E3,26.558
1775000110,E3,36.241
1775000111,E3,31.361
1775000112,E3,33.655
1775000113,E3,34.82
1775000114,E3,39.722
1775000115,E3,31.613
1775000116,E3,36.399
1775000117,E3,40.863
1775000118,E3,28.344
1775000119,E3,38.588
1775000120,E3,34.687
1775000121,E3,32.411
1775000122,E3,29.587
1775000123,E3,42.471
1775000124,E3,38.659
1775000125,E3,33.89
1775000126,E3,36.639
1775000127,E3,42.638
1775000128,E3,31.855
1775000129,E3,37.344
1775000130,E3,45.882
1775000131,E3,45.398
1775000132,E3,33.777
1775000133,E3,36.47
1775000134,E3,37.525
1775000135,E3,47.556
1775000136,E3,47.832
1775000137,E3,47.35
1775000138,E3,40.387
1775000139,E3,42.144
1775000140,E3,43.659
1775000141,E3,44.735
1775000142,E3,43.992
1775000143,E3,44.458
1775000144,E3,46.069
1775000145,E3,45.285
1775000146,E3,50.566
1775000147,E3,50.67
1775000148,E3,56.048
1775000149,E3,49.937
1775000150,E3,55.348
1775000151,E3,48.454
1775000152,E3,54.339
1775000153,E3,50.239
1775000154,E3,55.728
1775000155,E3,58.372
1775000156,E3,59.567
1775000157,E3,53.218
1775000158,E3,59.171
1775000159,E3,56.556
1775000160,E3,54.937
1775000161,E3,59.681
1775000162,E3,64.586
1775000163,E3,59.286
1775000164,E3,59.34
1775000165,E3,68.196
1775000166,E3,65.852
1775000167,E3,61.191
1775000168,E3,59.832
1775000169,E3,57.969
1775000170,E3,60.156
1775000171,E3,70.811
1775000172,E3,70.454
1775000173,E3,64.412
1775000174,E3,61.602
1775000175,E3,66.286
1775000176,E3,67.857
1775000177,E3,62.413
1775000178,E3,74.291
1775000179,E3,63.249
1775000180,E3,75.928
1775000181,E3,69.824
1775000182,E3,69.09
1775000183,E3,72.411
1775000184,E3,72.029
1775000185,E3,71.029
1775000186,E3,76.856
1775000187,E3,75.744
1775000188,E3,70.135
1775000189,E3,76.294
1775000190,E3,77.798
1775000191,E3,71.642
1775000192,E3,77.225
1775000193,E3,71.191
1775000194,E3,73.302
1775000195,E3,70.353
1775000196,E3,66.905
1775000197,E3,67.206
1775000198,E3,72.872
1775000199,E3,65.748
1775000200,E3,76.629
1775000201,E3,70.713
1775000202,E3,78.799
1775000203,E3,70.987
1775000204,E3,69.792
1775000205,E3,70.202
1775000206,E3,69.937
1775000207,E3,74.309
1775000208,E3,63.99
1775000209,E3,66.696
1775000210,E3,74.684
1775000211,E3,67.935
1775000212,E3,67.238
1775000213,E3,71.123
1775000214,E3,63.873
1775000215,E3,67.778
1775000216,E3,62.541
1775000217,E3,70.651
1775000218,E3,70.137
1775000219,E3,70.93
1775000220,E3,69.535
1775000221,E3,71.595
1775000222,E3,69.685
1775000223,E3,61.6
1775000224,E3,64.036
1775000225,E3,57.678
1775000226,E3,59.121
1775000227,E3,60.495
1775000228,E3,66.868
1775000229,E3,61.711
1775000230,E3,64.548
1775000231,E3,54.931
1775000232,E3,63.324
1775000233,E3,57.665
1775000234,E3,58.521
1775000235,E3,54.1
1775000236,E3,54.758
1775000237,E3,61.348
1775000238,E3,52.01
1775000239,E3,56.242
1775000240,E3,59.097
1775000241,E3,54.587
1775000242,E3,58.737
1775000243,E3,58.696
1775000244,E3,52.554
1775000245,E3,53.756
1775000246,E3,54.64
1775000247,E3,53.107
1775000248,E3,45.254
1775000249,E3,53.065
1775000250,E3,47.744
1775000251,E3,49.06
1775000252,E3,46.375
1775000253,E3,47.532
1775000254,E3,52.806
1775000255,E3,49.65
1775000256,E3,40.168
1775000257,E3,41.076
1775000258,E3,45.34
1775000259,E3,46.651
1775000260,E3,45.056
1775000261,E3,37.345
1775000262,E3,43.2
1775000263,E3,48.196
1775000264,E3,49.021
1775000265,E3,48.783
1775000266,E3,42.141
1775000267,E3,41.025
1775000268,E3,34.303
1775000269,E3,45.729
1775000270,E3,39.014
1775000271,E3,46.291
1775000272,E3,44.6
1775000273,E3,35.146
1775000274,E3,39.948
1775000275,E3,39.48
1775000276,E3,32.85
1775000277,E3,44.662
1775000278,E3,45.153
1775000279,E3,40.479
1775000280,E3,41.786
1775000281,E3,39.116
1775000282,E3,35.989
1775000283,E3,37.585
1775000284,E3,34.415
1775000285,E3,43.745
1775000286,E3,43.359
1775000287,E3,35.482
1775000288,E3,36.684
1775000289,E3,37.439
1775000290,E3,42.908
1775000291,E3,40.645
1775000292,E3,38.405
1775000293,E3,42.523
1775000294,E3,39.023
1775000295,E3,35.405
1775000296,E3,42.286
1775000297,E3,39.277
1775000298,E3,35.14
1775000299,E3,37.235
1775000300,E3,29.928
1775000301,E3,33.912
1775000302,E3,29.449
1775000303,E3,35.274
1775000304,E3,28.719
1775000305,E3,40.718
1775000306,E3,34.019
1775000307,E3,31.893
1775000308,E3,35.885
1775000309,E3,41.435
1775000310,E3,30.29
1775000311,E3,30.478
1775000312,E3,39.02
1775000313,E3,28.614
1775000314,E3,29.503
1775000315,E3,39.894
1775000316,E3,37.216
1775000317,E3,31.404
1775000318,E3,33.21
1775000319,E3,39.366
1775000320,E3,31.691
1775000321,E3,42.164
1775000322,E3,35.701
1775000323,E3,39.641
1775000324,E3,36.831
1775000325,E3,33.171
1775000326,E3,36.702
1775000327,E3,33.492
1775000328,E3,35.504
1775000329,E3,41.361
1775000330,E3,37.886
1775000331,E3,31.721
1775000332,E3,41.65
1775000333,E3,29.603
1775000334,E3,39.342
1775000335,E3,33.696
1775000336,E3,39.31
1775000337,E3,30.231
1775000338,E3,42.635
1775000339,E3,36.435
1775000340,E3,39.843
1775000341,E3,35.992
1775000342,E3,29.897
1775000343,E3,29.925
1775000344,E3,36.394
1775000345,E3,31.321
1775000346,E3,38.786
1775000347,E3,32.346
1775000348,E3,35.014
1775000349,E3,34.687
1775000350,E3,32.516
1775000351,E3,39.643
1775000352,E3,35.426
1775000353,E3,35.748
1775000354,E3,39.238
1775000355,E3,39.364
1775000356,E3,36.106
1775000357,E3,32.995
1775000358,E3,32.964
1775000359,E3,38.171
1775000000,E4,22.309
1775000001,E4,27.224
1775000002,E4,17.861
1775000003,E4,19.643
1775000004,E4,18.582
1775000005,E4,20.571
1775000006,E4,22.692
1775000007,E4,17.288
1775000008,E4,26.047
1775000009,E4,24.828
1775000010,E4,14.85
1775000011,E4,22.155
1775000012,E4,21.792
1775000013,E4,22.851
1775000014,E4,19.932
1775000015,E4,15.217
1775000016,E4,17.188
1775000017,E4,14.673
1775000018,E4,17.906
1775000019,E4,20.618
1775000020,E4,23.512
1775000021,E4,22.77
1775000022,E4,17.307
1775000023,E4,21.482
1775000024,E4,24.419
1775000025,E4,27.466
1775000026,E4,26.754
1775000027,E4,26.391
1775000028,E4,20.912
1775000029,E4,24.264
1775000030,E4,15.84
1775000031,E4,24.416
1775000032,E4,23.747
1775000033,E4,23.623
1775000034,E4,28.366
1775000035,E4,24.4
1775000036,E4,15.699
1775000037,E4,20.204
1775000038,E4,27.411
1775000039,E4,28.012
1775000040,E4,18.376
1775000041,E4,20.709
1775000042,E4,17.881
1775000043,E4,15.911
1775000044,E4,24.06
1775000045,E4,16.075
1775000046,E4,28.637
1775000047,E4,23.245
1775000048,E4,21.57
1775000049,E4,17.033
1775000050,E4,18.931
1775000051,E4,19.012
1775000052,E4,25.041
1775000053,E4,28.025
1775000054,E4,27.353
1775000055,E4,20.265
1775000056,E4,26.898
1775000057,E4,17.589
1775000058,E4,19.517
1775000059,E4,23.426
1775000060,E4,27.703
1775000061,E4,19.184
1775000062,E4,23.679
1775000063,E4,27.043
1775000064,E4,29.04
1775000065,E4,22.75
1775000066,E4,29.25
1775000067,E4,19.994
1775000068,E4,22.862
1775000069,E4,23.25
1775000070,E4,21.85
1775000071,E4,23.186
1775000072,E4,29.124
1775000073,E4,27.028
1775000074,E4,29.569
1775000075,E4,28.316
1775000076,E4,17.88
1775000077,E4,17.233
1775000078,E4,24.172
1775000079,E4,18.327
1775000080,E4,19.562
1775000081,E4,27.984
1775000082,E4,16.84
1775000083,E4,26.954
1775000084,E4,26.819
1775000085,E4,27.173
1775000086,E4,28.734
1775000087,E4,27.62
1775000088,E4,29.477
1775000089,E4,23.909
1775000090,E4,28.97
1775000091,E4,25.906
1775000092,E4,25.213
1775000093,E4,21.36
1775000094,E4,29.325
1775000095,E4,19.675
1775000096,E4,17.23
1775000097,E4,21.978
1775000098,E4,26.082
1775000099,E4,22.092
1775000100,E4,18.45
1775000101,E4,27.525
1775000102,E4,21.0
1775000103,E4,21.333
1775000104,E4,18.36
1775000105,E4,28.982
1775000106,E4,27.123
1775000107,E4,27.329
1775000108,E4,17.371
1775000109,E4,21.261
1775000110,E4,26.692
1775000111,E4,28.368
1775000112,E4,27.928
1775000113,E4,20.561
1775000114,E4,21.953
1775000115,E4,22.061
1775000116,E4,28.475
1775000117,E4,29.117
1775000118,E4,26.232
1775000119,E4,19.901
1775000120,E4,30.059
1775000121,E4,26.656
1775000122,E4,25.024
1775000123,E4,26.399
1775000124,E4,18.598
1775000125,E4,30.614
1775000126,E4,30.429
1775000127,E4,22.242
1775000128,E4,26.872
1775000129,E4,27.757
1775000130,E4,28.783
1775000131,E4,28.714
1775000132,E4,30.335
1775000133,E4,27.155
1775000134,E4,29.439
1775000135,E4,28.867
1775000136,E4,19.233
1775000137,E4,22.494
1775000138,E4,31.617
1775000139,E4,19.795
1775000140,E4,20.799
1775000141,E4,22.557
1775000142,E4,29.533
1775000143,E4,20.462
1775000144,E4,21.384
1775000145,E4,31.001
1775000146,E4,27.64
1775000147,E4,19.595
1775000148,E4,31.21
1775000149,E4,30.255
1775000150,E4,25.311
1775000151,E4,24.193
1775000152,E4,25.369
1775000153,E4,29.183
1775000154,E4,20.844
1775000155,E4,20.291
1775000156,E4,21.452
1775000157,E4,26.032
1775000158,E4,23.661
1775000159,E4,32.653
1775000160,E4,20.602
1775000161,E4,26.021
1775000162,E4,23.649
1775000163,E4,34.051
1775000164,E4,23.775
1775000165,E4,26.4
1775000166,E4,33.021
1775000167,E4,26.879
1775000168,E4,20.763
1775000169,E4,25.805
1775000170,E4,23.993
1775000171,E4,25.762
1775000172,E4,26.266
1775000173,E4,31.607
1775000174,E4,22.754
1775000175,E4,27.471
1775000176,E4,32.361
1775000177,E4,25.768
1775000178,E4,21.984
1775000179,E4,35.69
1775000180,E4,30.788
1775000181,E4,36.089
1775000182,E4,31.061
1775000183,E4,35.479
1775000184,E4,26.729
1775000185,E4,28.336
1775000186,E4,29.312
1775000187,E4,25.081
1775000188,E4,27.825
1775000189,E4,25.697
1775000190,E4,29.339
1775000191,E4,29.375
1775000192,E4,34.694
1775000193,E4,27.115
1775000194,E4,32.182
1775000195,E4,37.096
1775000196,E4,34.322
1775000197,E4,33.757
1775000198,E4,27.696
1775000199,E4,33.373
1775000200,E4,35.776
1775000201,E4,29.892
1775000202,E4,35.215
1775000203,E4,41.063
1775000204,E4,36.15
1775000205,E4,35.195
1775000206,E4,32.658
1775000207,E4,37.584
1775000208,E4,36.638
1775000209,E4,43.402
1775000210,E4,32.614
1775000211,E4,34.03
1775000212,E4,32.605
1775000213,E4,31.982
1775000214,E4,34.792
1775000215,E4,34.964
1775000216,E4,34.591
1775000217,E4,43.861
1775000218,E4,44.199
1775000219,E4,37.508
1775000220,E4,41.756
1775000221,E4,42.269
1775000222,E4,42.909
1775000223,E4,45.639
1775000224,E4,45.317
1775000225,E4,49.453
1775000226,E4,44.464
1775000227,E4,49.1
1775000228,E4,43.452
1775000229,E4,49.982
1775000230,E4,43.743
1775000231,E4,42.252
1775000232,E4,46.642
1775000233,E4,51.472
1775000234,E4,49.285
1775000235,E4,52.881
1775000236,E4,57.063
1775000237,E4,47.644
1775000238,E4,57.667
1775000239,E4,58.999
1775000240,E4,55.754
1775000241,E4,56.231
1775000242,E4,60.016
1775000243,E4,57.033
1775000244,E4,55.032
1775000245,E4,53.342
1775000246,E4,51.344
1775000247,E4,59.184
1775000248,E4,52.447
1775000249,E4,53.601
1775000250,E4,64.82
1775000251,E4,55.433
1775000252,E4,54.059
1775000253,E4,54.237
1775000254,E4,61.598
1775000255,E4,64.581
1775000256,E4,59.623
1775000257,E4,63.918
1775000258,E4,58.896
1775000259,E4,68.671
1775000260,E4,67.028
1775000261,E4,61.07
1775000262,E4,64.31
1775000263,E4,67.739
1775000264,E4,63.218
1775000265,E4,69.574
1775000266,E4,69.129
1775000267,E4,61.644
1775000268,E4,69.987
1775000269,E4,67.181
1775000270,E4,62.364
1775000271,E4,64.989
1775000272,E4,75.844
1775000273,E4,66.919
1775000274,E4,75.432
1775000275,E4,67.692
1775000276,E4,77.145
1775000277,E4,65.57
1775000278,E4,77.02
1775000279,E4,78.669
1775000280,E4,69.554
1775000281,E4,72.373
1775000282,E4,76.194
1775000283,E4,72.079
1775000284,E4,78.814
1775000285,E4,73.6
1775000286,E4,66.404
1775000287,E4,71.332
1775000288,E4,73.517
1775000289,E4,72.428
1775000290,E4,70.319
1775000291,E4,68.646
1775000292,E4,70.653
1775000293,E4,78.283
1775000294,E4,67.541
1775000295,E4,68.121
1775000296,E4,65.92
1775000297,E4,78.54
1775000298,E4,67.65
1775000299,E4,77.486
1775000300,E4,65.803
1775000301,E4,69.375
1775000302,E4,74.646
1775000303,E4,73.805
1775000304,E4,67.318
1775000305,E4,63.229
1775000306,E4,65.514
1775000307,E4,63.461
1775000308,E4,64.315
1775000309,E4,74.046
1775000310,E4,66.585
1775000311,E4,61.568
1775000312,E4,70.474
1775000313,E4,68.798
1775000314,E4,58.988
1775000315,E4,67.42
1775000316,E4,59.292
1775000317,E4,59.884
1775000318,E4,62.777
1775000319,E4,61.242
1775000320,E4,64.022
1775000321,E4,68.111
1775000322,E4,67.453
1775000323,E4,67.895
1775000324,E4,62.599
1775000325,E4,63.463
1775000326,E4,64.217
1775000327,E4,56.817
1775000328,E4,57.283
1775000329,E4,61.182
1775000330,E4,50.816
1775000331,E4,58.359
1775000332,E4,58.551
1775000333,E4,54.589
1775000334,E4,59.172
1775000335,E4,58.501
1775000336,E4,49.507
1775000337,E4,54.904
1775000338,E4,56.631
1775000339,E4,47.888
1775000340,E4,57.972
1775000341,E4,50.211
1775000342,E4,50.033
1775000343,E4,49.443
1775000344,E4,51.584
1775000345,E4,50.709
1775000346,E4,47.843
1775000347,E4,50.947
1775000348,E4,51.46
1775000349,E4,52.273
1775000350,E4,45.08
1775000351,E4,53.379
1775000352,E4,41.155
1775000353,E4,47.333
1775000354,E4,51.592
1775000355,E4,39.515
1775000356,E4,43.687
1775000357,E4,46.184
1775000358,E4,42.328
1775000359,E4,47.18
1775000000,E5,28.527
1775000001,E5,26.632
1775000002,E5,18.233
1775000003,E5,31.468
1775000004,E5,28.885
1775000005,E5,25.643
1775000006,E5,26.579
1775000007,E5,29.112
1775000008,E5,21.083
1775000009,E5,23.115
1775000010,E5,30.244
1775000011,E5,19.437
1775000012,E5,28.717
1775000013,E5,18.259
1775000014,E5,24.565
1775000015,E5,30.431
1775000016,E5,24.392
1775000017,E5,32.171
1775000018,E5,29.084
1775000019,E5,18.565
1775000020,E5,27.085
1775000021,E5,21.296
1775000022,E5,22.818
1775000023,E5,30.08
1775000024,E5,26.84
1775000025,E5,26.899
1775000026,E5,27.814
1775000027,E5,23.569
1775000028,E5,27.263
1775000029,E5,27.683
1775000030,E5,31.094
1775000031,E5,21.244
1775000032,E5,29.017
1775000033,E5,32.412
1775000034,E5,19.929
1775000035,E5,26.558
1775000036,E5,32.441
1775000037,E5,20.675
1775000038,E5,31.047
1775000039,E5,22.037
1775000040,E5,24.414
1775000041,E5,31.101
1775000042,E5,28.793
1775000043,E5,29.393
1775000044,E5,22.023
1775000045,E5,33.227
1775000046,E5,31.241
1775000047,E5,33.318
1775000048,E5,32.344
1775000049,E5,27.175
1775000050,E5,21.12
1775000051,E5,25.86
1775000052,E5,29.137
1775000053,E5,26.3
1775000054,E5,28.116
1775000055,E5,27.795
1775000056,E5,28.148
1775000057,E5,25.095
1775000058,E5,28.127
1775000059,E5,31.676
1775000060,E5,33.396
1775000061,E5,25.824
1775000062,E5,20.286
1775000063,E5,33.917
1775000064,E5,22.684
1775000065,E5,29.406
1775000066,E5,32.984
1775000067,E5,25.998
1775000068,E5,25.757
1775000069,E5,20.347
1775000070,E5,29.229
1775000071,E5,25.198
1775000072,E5,32.257
1775000073,E5,27.146
1775000074,E5,20.609
1775000075,E5,27.963
1775000076,E5,22.794
1775000077,E5,23.179
1775000078,E5,29.852
1775000079,E5,29.026
1775000080,E5,30.429
1775000081,E5,24.862
1775000082,E5,21.018
1775000083,E5,31.068
1775000084,E5,30.125
1775000085,E5,23.68
1775000086,E5,31.175
1775000087,E5,23.413
1775000088,E5,29.234
1775000089,E5,32.377
1775000090,E5,28.955
1775000091,E5,24.034
1775000092,E5,27.148
1775000093,E5,23.863
1775000094,E5,30.029
1775000095,E5,26.925
1775000096,E5,32.057
1775000097,E5,30.167
1775000098,E5,25.739
1775000099,E5,32.262
1775000100,E5,21.699
1775000101,E5,31.614
1775000102,E5,21.594
1775000103,E5,27.986
1775000104,E5,22.207
1775000105,E5,26.701
1775000106,E5,31.505
1775000107,E5,29.167
1775000108,E5,24.395
1775000109,E5,23.125
1775000110,E5,33.041
1775000111,E5,32.685
1775000112,E5,32.06
1775000113,E5,24.661
1775000114,E5,29.157
1775000115,E5,28.672
1775000116,E5,25.04
1775000117,E5,22.126
1775000118,E5,33.506
1775000119,E5,29.598
1775000120,E5,35.942
1775000121,E5,31.231
1775000122,E5,29.554
1775000123,E5,31.397
1775000124,E5,31.243
1775000125,E5,34.785
1775000126,E5,30.36
1775000127,E5,32.065
1775000128,E5,27.832
1775000129,E5,25.125
1775000130,E5,32.511
1775000131,E5,31.96
1775000132,E5,27.954
1775000133,E5,23.004
1775000134,E5,33.713
1775000135,E5,24.765
1775000136,E5,29.637
1775000137,E5,29.995
1775000138,E5,26.39
1775000139,E5,24.04
1775000140,E5,24.001
1775000141,E5,36.075
1775000142,E5,26.726
1775000143,E5,27.941
1775000144,E5,26.918
1775000145,E5,33.09
1775000146,E5,35.859
1775000147,E5,26.581
1775000148,E5,24.435
1775000149,E5,30.086
1775000150,E5,25.03
1775000151,E5,29.908
1775000152,E5,32.59
1775000153,E5,37.387
1775000154,E5,27.68
1775000155,E5,25.54
1775000156,E5,33.206
1775000157,E5,33.166
1775000158,E5,30.954
1775000159,E5,30.729
1775000160,E5,30.198
1775000161,E5,35.239
1775000162,E5,38.424
1775000163,E5,31.183
1775000164,E5,28.564
1775000165,E5,29.712
1775000166,E5,26.563
1775000167,E5,38.871
1775000168,E5,37.498
1775000169,E5,36.181
1775000170,E5,30.027
1775000171,E5,33.696
1775000172,E5,35.38
1775000173,E5,32.143
1775000174,E5,27.854
1775000175,E5,40.056
1775000176,E5,38.954
1775000177,E5,27.79
1775000178,E5,35.054
1775000179,E5,36.807
1775000180,E5,30.901
1775000181,E5,37.172
1775000182,E5,33.841
1775000183,E5,30.154
1775000184,E5,36.714
1775000185,E5,31.491
1775000186,E5,39.262
1775000187,E5,31.355
1775000188,E5,31.027
1775000189,E5,38.956
1775000190,E5,35.922
1775000191,E5,43.928
1775000192,E5,36.199
1775000193,E5,43.405
1775000194,E5,39.892
1775000195,E5,40.485
1775000196,E5,41.026
1775000197,E5,35.993
1775000198,E5,38.866
1775000199,E5,45.587
1775000200,E5,43.549
1775000201,E5,36.881
1775000202,E5,37.748
1775000203,E5,39.006
1775000204,E5,38.161
1775000205,E5,45.894
1775000206,E5,47.59
1775000207,E5,46.536
1775000208,E5,41.982
1775000209,E5,46.097
1775000210,E5,51.663
1775000211,E5,47.703
1775000212,E5,48.965
1775000213,E5,50.279
1775000214,E5,45.743
1775000215,E5,56.537
1775000216,E5,52.152
1775000217,E5,48.639
1775000218,E5,52.712
1775000219,E5,46.789
1775000220,E5,50.271
1775000221,E5,53.416
1775000222,E5,55.357
1775000223,E5,51.224
1775000224,E5,56.703
1775000225,E5,49.321
1775000226,E5,60.761
1775000227,E5,57.719
1775000228,E5,59.772
1775000229,E5,53.998
1775000230,E5,66.426
1775000231,E5,62.223
1775000232,E5,58.853
1775000233,E5,60.355
1775000234,E5,66.748
1775000235,E5,59.242
1775000236,E5,69.058
1775000237,E5,64.372
1775000238,E5,63.009
1775000239,E5,70.289
1775000240,E5,59.814
1775000241,E5,61.372
1775000242,E5,72.744
1775000243,E5,63.228
1775000244,E5,69.028
1775000245,E5,61.923
1775000246,E5,64.528
1775000247,E5,68.017
1775000248,E5,71.049
1775000249,E5,68.919
1775000250,E5,64.265
1775000251,E5,77.841
1775000252,E5,74.959
1775000253,E5,72.772
1775000254,E5,78.774
1775000255,E5,70.72
1775000256,E5,69.526
1775000257,E5,69.244
1775000258,E5,76.56
1775000259,E5,74.297
1775000260,E5,80.512
1775000261,E5,68.735
1775000262,E5,77.836
1775000263,E5,68.775
1775000264,E5,82.132
1775000265,E5,78.212
1775000266,E5,77.192
1775000267,E5,81.234
1775000268,E5,80.339
1775000269,E5,70.835
1775000270,E5,73.87
1775000271,E5,69.937
1775000272,E5,81.536
1775000273,E5,73.758
1775000274,E5,70.28
1775000275,E5,74.633
1775000276,E5,72.885
1775000277,E5,82.55
1775000278,E5,81.662
1775000279,E5,75.291
1775000280,E5,75.791
1775000281,E5,79.999
1775000282,E5,77.658
1775000283,E5,77.554
1775000284,E5,70.221
1775000285,E5,74.202
1775000286,E5,72.385
1775000287,E5,78.382
1775000288,E5,73.734
1775000289,E5,76.811
1775000290,E5,72.736
1775000291,E5,65.287
1775000292,E5,77.503
1775000293,E5,65.977
1775000294,E5,75.488
1775000295,E5,73.866
1775000296,E5,75.874
1775000297,E5,65.44
1775000298,E5,74.46
1775000299,E5,63.38
1775000300,E5,61.519
1775000301,E5,74.171
1775000302,E5,64.14
1775000303,E5,64.732
1775000304,E5,62.816
1775000305,E5,70.135
1775000306,E5,65.866
1775000307,E5,64.815
1775000308,E5,60.804
1775000309,E5,59.29
1775000310,E5,65.603
1775000311,E5,59.78
1775000312,E5,63.463
1775000313,E5,54.521
1775000314,E5,62.704
1775000315,E5,63.887
1775000316,E5,64.179
1775000317,E5,54.152
1775000318,E5,63.659
1775000319,E5,58.201
1775000320,E5,57.011
1775000321,E5,50.632
1775000322,E5,51.726
1775000323,E5,51.697
1775000324,E5,57.876
1775000325,E5,50.312
1775000326,E5,59.543
1775000327,E5,47.576
1775000328,E5,58.903
1775000329,E5,58.686
1775000330,E5,50.863
1775000331,E5,46.708
1775000332,E5,45.444
1775000333,E5,45.411
1775000334,E5,47.628
1775000335,E5,43.264
1775000336,E5,46.969
1775000337,E5,41.91
1775000338,E5,41.879
1775000339,E5,50.726
1775000340,E5,52.434
1775000341,E5,44.481
1775000342,E5,50.763
1775000343,E5,52.561
1775000344,E5,39.915
1775000345,E5,49.251
1775000346,E5,44.186
1775000347,E5,47.438
1775000348,E5,50.927
1775000349,E5,40.398
1775000350,E5,39.304
1775000351,E5,44.492
1775000352,E5,45.064
1775000353,E5,36.875
1775000354,E5,39.26
1775000355,E5,48.974
1775000356,E5,49.264
1775000357,E5,36.394
1775000358,E5,41.445
1775000359,E5,41.402
1775000000,E6,33.509
1775000001,E6,28.516
1775000002,E6,25.854
1775000003,E6,25.835
1775000004,E6,24.478
1775000005,E6,24.774
1775000006,E6,21.218
1775000007,E6,26.441
1775000008,E6,23.98
1775000009,E6,22.482
1775000010,E6,31.696
1775000011,E6,34.035
1775000012,E6,32.801
1775000013,E6,22.093
1775000014,E6,27.57
1775000015,E6,27.658
1775000016,E6,27.128
1775000017,E6,23.651
1775000018,E6,25.403
1775000019,E6,24.164
1775000020,E6,33.914
1775000021,E6,31.102
1775000022,E6,28.39
1775000023,E6,33.002
1775000024,E6,27.764
1775000025,E6,34.028
1775000026,E6,25.076
1775000027,E6,30.985
1775000028,E6,23.762
1775000029,E6,31.129
1775000030,E6,29.628
1775000031,E6,26.908
1775000032,E6,32.074
1775000033,E6,32.575
1775000034,E6,22.502
1775000035,E6,27.919
1775000036,E6,26.319
1775000037,E6,22.3
1775000038,E6,35.448
1775000039,E6,35.933
1775000040,E6,26.976
1775000041,E6,23.502
1775000042,E6,35.193
1775000043,E6,28.195
1775000044,E6,29.587
1775000045,E6,27.436
1775000046,E6,34.302
1775000047,E6,32.898
1775000048,E6,25.398
1775000049,E6,34.495
1775000050,E6,34.524
1775000051,E6,32.513
1775000052,E6,28.769
1775000053,E6,34.699
1775000054,E6,24.967
1775000055,E6,27.782
1775000056,E6,28.207
1775000057,E6,35.068
1775000058,E6,27.936
1775000059,E6,26.03
1775000060,E6,29.334
1775000061,E6,23.601
1775000062,E6,35.358
1775000063,E6,23.542
1775000064,E6,36.603
1775000065,E6,23.674
1775000066,E6,32.023
1775000067,E6,29.656
1775000068,E6,29.213
1775000069,E6,26.175
1775000070,E6,29.182
1775000071,E6,25.121
1775000072,E6,33.183
1775000073,E6,33.154
1775000074,E6,26.58
1775000075,E6,26.062
1775000076,E6,32.195
1775000077,E6,33.009
1775000078,E6,27.467
1775000079,E6,34.305
1775000080,E6,36.566
1775000081,E6,38.28
1775000082,E6,38.816
1775000083,E6,32.528
1775000084,E6,34.645
1775000085,E6,37.749
1775000086,E6,29.809
1775000087,E6,32.867
1775000088,E6,37.86
1775000089,E6,39.468
1775000090,E6,29.532
1775000091,E6,39.653
1775000092,E6,35.124
1775000093,E6,35.516
1775000094,E6,33.012
1775000095,E6,37.719
1775000096,E6,37.729
1775000097,E6,36.433
1775000098,E6,32.776
1775000099,E6,37.316
1775000100,E6,38.359
1775000101,E6,38.881
1775000102,E6,33.596
1775000103,E6,44.573
1775000104,E6,36.913
1775000105,E6,42.332
1775000106,E6,48.758
1775000107,E6,49.886
1775000108,E6,47.153
1775000109,E6,50.045
1775000110,E6,40.346
1775000111,E6,52.333
1775000112,E6,47.161
1775000113,E6,53.557
1775000114,E6,42.679
1775000115,E6,51.498
1775000116,E6,46.217
1775000117,E6,51.983
1775000118,E6,47.826
1775000119,E6,56.211
1775000120,E6,52.935
1775000121,E6,51.099
1775000122,E6,57.932
1775000123,E6,49.369
1775000124,E6,60.967
1775000125,E6,60.317
1775000126,E6,60.982
1775000127,E6,53.08
1775000128,E6,66.712
1775000129,E6,60.331
1775000130,E6,67.047
1775000131,E6,67.62
1775000132,E6,56.928
1775000133,E6,70.877
1775000134,E6,59.893
1775000135,E6,70.275
1775000136,E6,70.223
1775000137,E6,64.599
1775000138,E6,69.147
1775000139,E6,62.614
1775000140,E6,76.13
1775000141,E6,66.519
1775000142,E6,75.384
1775000143,E6,77.05
1775000144,E6,67.255
1775000145,E6,72.497
1775000146,E6,70.49
1775000147,E6,68.534
1775000148,E6,78.918
1775000149,E6,70.279
1775000150,E6,76.148
1775000151,E6,68.303
1775000152,E6,73.277
1775000153,E6,72.921
1775000154,E6,77.321
1775000155,E6,70.6
1775000156,E6,73.57
1775000157,E6,71.773
1775000158,E6,73.866
1775000159,E6,80.805
1775000160,E6,75.983
1775000161,E6,68.793
1775000162,E6,75.035
1775000163,E6,75.036
1775000164,E6,71.961
1775000165,E6,77.464
1775000166,E6,65.89
1775000167,E6,69.65
1775000168,E6,71.45
1775000169,E6,67.88
1775000170,E6,65.123
1775000171,E6,73.041
1775000172,E6,75.479
1775000173,E6,68.941
1775000174,E6,64.319
1775000175,E6,62.656
1775000176,E6,60.089
1775000177,E6,67.105
1775000178,E6,66.546
1775000179,E6,63.387
1775000180,E6,58.526
1775000181,E6,63.432
1775000182,E6,56.318
1775000183,E6,60.731
1775000184,E6,66.056
1775000185,E6,65.123
1775000186,E6,55.939
1775000187,E6,57.772
1775000188,E6,52.583
1775000189,E6,62.53
1775000190,E6,52.254
1775000191,E6,55.021
1775000192,E6,60.415
1775000193,E6,47.384
1775000194,E6,53.836
1775000195,E6,57.927
1775000196,E6,50.87
1775000197,E6,51.586
1775000198,E6,51.396
1775000199,E6,45.047
1775000200,E6,46.212
1775000201,E6,49.46
1775000202,E6,45.765
1775000203,E6,52.454
1775000204,E6,41.481
1775000205,E6,39.598
1775000206,E6,51.61
1775000207,E6,45.095
1775000208,E6,40.716
1775000209,E6,42.79
1775000210,E6,38.809
1775000211,E6,35.759
1775000212,E6,44.962
1775000213,E6,42.48
1775000214,E6,38.621
1775000215,E6,47.109
1775000216,E6,36.544
1775000217,E6,36.465
1775000218,E6,34.783
1775000219,E6,34.217
1775000220,E6,46.031
1775000221,E6,38.712
1775000222,E6,34.062
1775000223,E6,43.036
1775000224,E6,34.146
1775000225,E6,43.282
1775000226,E6,44.018
1775000227,E6,34.612
1775000228,E6,37.769
1775000229,E6,31.78
1775000230,E6,34.037
1775000231,E6,42.039
1775000232,E6,43.02
1775000233,E6,43.491
1775000234,E6,37.504
1775000235,E6,42.104
1775000236,E6,40.18
1775000237,E6,40.092
1775000238,E6,37.605
1775000239,E6,31.253
1775000240,E6,30.213
1775000241,E6,33.925
1775000242,E6,34.608
1775000243,E6,32.104
1775000244,E6,34.759
1775000245,E6,33.078
1775000246,E6,43.096
1775000247,E6,39.531
1775000248,E6,39.623
1775000249,E6,32.074
1775000250,E6,43.167
1775000251,E6,34.461
1775000252,E6,41.381
1775000253,E6,40.928
1775000254,E6,37.125
1775000255,E6,43.564
1775000256,E6,41.788
1775000257,E6,34.241
1775000258,E6,36.772
1775000259,E6,30.902
1775000260,E6,41.851
1775000261,E6,30.877
1775000262,E6,31.476
1775000263,E6,41.875
1775000264,E6,32.952
1775000265,E6,39.577
1775000266,E6,43.36
1775000267,E6,36.719
1775000268,E6,36.048
1775000269,E6,39.841
1775000270,E6,39.988
1775000271,E6,34.152
1775000272,E6,31.051
1775000273,E6,37.22
1775000274,E6,35.566
1775000275,E6,41.951
1775000276,E6,31.552
1775000277,E6,41.18
1775000278,E6,39.428
1775000279,E6,32.036
1775000280,E6,34.92
1775000281,E6,35.523
1775000282,E6,43.218
1775000283,E6,32.039
1775000284,E6,42.749
1775000285,E6,43.324
1775000286,E6,31.526
1775000287,E6,33.567
1775000288,E6,41.912
1775000289,E6,37.722
1775000290,E6,31.335
1775000291,E6,31.35
1775000292,E6,33.109
1775000293,E6,32.693
1775000294,E6,38.568
1775000295,E6,35.842
1775000296,E6,40.341
1775000297,E6,37.66
1775000298,E6,34.107
1775000299,E6,43.796
1775000300,E6,33.934
1775000301,E6,44.629
1775000302,E6,39.639
1775000303,E6,37.395
1775000304,E6,36.745
1775000305,E6,43.25
1775000306,E6,38.901
1775000307,E6,44.692
1775000308,E6,31.627
1775000309,E6,36.639
1775000310,E6,39.268
1775000311,E6,36.777
1775000312,E6,31.766
1775000313,E6,42.298
1775000314,E6,41.604
1775000315,E6,41.839
1775000316,E6,41.446
1775000317,E6,43.483
1775000318,E6,36.369
1775000319,E6,32.535
1775000320,E6,45.09
1775000321,E6,38.148
1775000322,E6,36.593
1775000323,E6,32.057
1775000324,E6,34.922
1775000325,E6,36.87
1775000326,E6,42.053
1775000327,E6,43.395
1775000328,E6,44.566
1775000329,E6,40.496
1775000330,E6,35.466
1775000331,E6,39.332
1775000332,E6,39.171
1775000333,E6,45.663
1775000334,E6,37.418
1775000335,E6,44.135
1775000336,E6,38.642
1775000337,E6,42.113
1775000338,E6,33.628
1775000339,E6,42.981
1775000340,E6,38.824
1775000341,E6,43.354
1775000342,E6,43.248
1775000343,E6,33.404
1775000344,E6,37.285
1775000345,E6,39.662
1775000346,E6,46.591
1775000347,E6,43.702
1775000348,E6,43.424
1775000349,E6,34.692
1775000350,E6,35.069
1775000351,E6,45.804
1775000352,E6,46.628
1775000353,E6,44.011
1775000354,E6,44.172
1775000355,E6,44.08
1775000356,E6,40.942
1775000357,E6,43.068
1775000358,E6,43.217
1775000359,E6,43.094
1775000000,E7,21.606
1775000001,E7,30.941
1775000002,E7,23.099
1775000003,E7,24.689
1775000004,E7,26.736
1775000005,E7,25.724
1775000006,E7,32.598
1775000007,E7,24.875
1775000008,E7,24.882
1775000009,E7,28.844
1775000010,E7,29.962
1775000011,E7,24.847
1775000012,E7,31.491
1775000013,E7,22.071
1775000014,E7,21.678
1775000015,E7,30.764
1775000016,E7,24.3
1775000017,E7,33.652
1775000018,E7,23.596
1775000019,E7,32.858
1775000020,E7,32.666
1775000021,E7,33.106
1775000022,E7,28.627
1775000023,E7,30.326
1775000024,E7,30.502
1775000025,E7,34.62
1775000026,E7,26.629
1775000027,E7,23.38
1775000028,E7,29.438
1775000029,E7,22.716
1775000030,E7,27.614
1775000031,E7,33.429
1775000032,E7,27.661
1775000033,E7,33.359
1775000034,E7,33.103
1775000035,E7,28.321
1775000036,E7,27.972
1775000037,E7,24.934
1775000038,E7,31.766
1775000039,E7,34.989
1775000040,E7,31.081
1775000041,E7,33.816
1775000042,E7,32.251
1775000043,E7,30.631
1775000044,E7,24.444
1775000045,E7,22.336
1775000046,E7,32.468
1775000047,E7,30.508
1775000048,E7,31.6
1775000049,E7,26.324
1775000050,E7,31.861
1775000051,E7,30.135
1775000052,E7,24.375
1775000053,E7,30.148
1775000054,E7,30.378
1775000055,E7,25.768
1775000056,E7,23.001
1775000057,E7,23.738
1775000058,E7,34.223
1775000059,E7,26.31
1775000060,E7,27.411
1775000061,E7,36.2
1775000062,E7,24.73
1775000063,E7,34.647
1775000064,E7,24.099
1775000065,E7,23.566
1775000066,E7,28.723
1775000067,E7,34.271
1775000068,E7,33.799
1775000069,E7,27.035
1775000070,E7,32.879
1775000071,E7,33.416
1775000072,E7,32.159
1775000073,E7,35.478
1775000074,E7,25.103
1775000075,E7,23.56
1775000076,E7,24.304
1775000077,E7,31.197
1775000078,E7,29.516
1775000079,E7,25.12
1775000080,E7,31.464
1775000081,E7,31.344
1775000082,E7,33.728
1775000083,E7,37.265
1775000084,E7,35.534
1775000085,E7,33.201
1775000086,E7,33.587
1775000087,E7,37.564
1775000088,E7,37.607
1775000089,E7,29.809
1775000090,E7,31.039
1775000091,E7,34.865
1775000092,E7,31.919
1775000093,E7,33.76
1775000094,E7,26.831
1775000095,E7,33.561
1775000096,E7,37.609
1775000097,E7,34.157
1775000098,E7,39.226
1775000099,E7,32.134
1775000100,E7,38.551
1775000101,E7,26.659
1775000102,E7,29.677
1775000103,E7,30.459
1775000104,E7,27.886
1775000105,E7,36.578
1775000106,E7,28.973
1775000107,E7,34.955
1775000108,E7,32.741
1775000109,E7,39.898
1775000110,E7,28.935
1775000111,E7,28.996
1775000112,E7,38.831
1775000113,E7,35.327
1775000114,E7,37.103
1775000115,E7,31.96
1775000116,E7,30.059
1775000117,E7,32.494
1775000118,E7,31.872
1775000119,E7,36.148
1775000120,E7,37.274
1775000121,E7,41.757
1775000122,E7,42.759
1775000123,E7,43.454
1775000124,E7,33.753
1775000125,E7,41.743
1775000126,E7,35.064
1775000127,E7,39.095
1775000128,E7,34.607
1775000129,E7,34.773
1775000130,E7,46.285
1775000131,E7,43.029
1775000132,E7,42.279
1775000133,E7,39.284
1775000134,E7,44.159
1775000135,E7,41.188
1775000136,E7,42.31
1775000137,E7,40.237
1775000138,E7,48.757
1775000139,E7,49.4
1775000140,E7,46.917
1775000141,E7,44.766
1775000142,E7,39.273
1775000143,E7,45.845
1775000144,E7,42.821
1775000145,E7,48.73
1775000146,E7,42.792
1775000147,E7,50.818
1775000148,E7,51.912
1775000149,E7,47.459
1775000150,E7,43.106
1775000151,E7,53.171
1775000152,E7,55.094
1775000153,E7,46.76
1775000154,E7,50.388
1775000155,E7,46.9
1775000156,E7,53.374
1775000157,E7,51.877
1775000158,E7,48.992
1775000159,E7,53.202
1775000160,E7,49.033
1775000161,E7,56.746
1775000162,E7,53.208
1775000163,E7,49.699
1775000164,E7,59.35
1775000165,E7,61.143
1775000166,E7,54.797
1775000167,E7,55.408
1775000168,E7,54.031
1775000169,E7,50.425
1775000170,E7,58.467
1775000171,E7,53.25
1775000172,E7,63.897
1775000173,E7,58.549
1775000174,E7,52.834
1775000175,E7,58.155
1775000176,E7,59.141
1775000177,E7,56.882
1775000178,E7,62.329
1775000179,E7,63.748
1775000180,E7,59.597
1775000181,E7,61.564
1775000182,E7,56.627
1775000183,E7,69.491
1775000184,E7,70.552
1775000185,E7,64.315
1775000186,E7,58.587
1775000187,E7,69.451
1775000188,E7,64.872
1775000189,E7,61.581
1775000190,E7,62.632
1775000191,E7,65.231
1775000192,E7,74.125
1775000193,E7,69.631
1775000194,E7,68.919
1775000195,E7,64.551
1775000196,E7,76.032
1775000197,E7,66.019
1775000198,E7,74.292
1775000199,E7,70.739
1775000200,E7,77.056
1775000201,E7,75.005
1775000202,E7,72.373
1775000203,E7,74.168
1775000204,E7,68.79
1775000205,E7,66.965
1775000206,E7,70.413
1775000207,E7,67.482
1775000208,E7,71.458
1775000209,E7,68.444
1775000210,E7,81.483
1775000211,E7,81.763
1775000212,E7,76.687
1775000213,E7,78.261
1775000214,E7,73.023
1775000215,E7,76.641
1775000216,E7,73.395
1775000217,E7,77.426
1775000218,E7,77.977
1775000219,E7,82.174
1775000220,E7,79.751
1775000221,E7,80.56
1775000222,E7,74.523
1775000223,E7,78.074
1775000224,E7,74.905
1775000225,E7,70.691
1775000226,E7,78.447
1775000227,E7,77.81
1775000228,E7,80.872
1775000229,E7,77.143
1775000230,E7,75.388
1775000231,E7,73.926
1775000232,E7,78.85
1775000233,E7,77.386
1775000234,E7,72.706
1775000235,E7,79.405
1775000236,E7,79.712
1775000237,E7,74.055
1775000238,E7,70.32
1775000239,E7,76.234
1775000240,E7,69.244
1775000241,E7,75.94
1775000242,E7,74.618
1775000243,E7,74.579
1775000244,E7,72.366
1775000245,E7,70.564
1775000246,E7,68.582
1775000247,E7,72.673
1775000248,E7,66.411
1775000249,E7,67.539
1775000250,E7,74.844
1775000251,E7,79.018
1775000252,E7,76.354
1775000253,E7,72.047
1775000254,E7,73.703
1775000255,E7,67.628
1775000256,E7,75.214
1775000257,E7,67.014
1775000258,E7,71.316
1775000259,E7,63.42
1775000260,E7,67.277
1775000261,E7,71.893
1775000262,E7,72.91
1775000263,E7,64.75
1775000264,E7,67.95
1775000265,E7,60.818
1775000266,E7,69.64
1775000267,E7,69.373
1775000268,E7,63.95
1775000269,E7,66.151
1775000270,E7,61.596
1775000271,E7,69.614
1775000272,E7,60.811
1775000273,E7,63.313
1775000274,E7,67.292
1775000275,E7,66.701
1775000276,E7,56.04
1775000277,E7,56.932
1775000278,E7,61.596
1775000279,E7,65.18
1775000280,E7,61.751
1775000281,E7,62.467
1775000282,E7,63.656
1775000283,E7,56.954
1775000284,E7,53.013
1775000285,E7,62.103
1775000286,E7,59.032
1775000287,E7,54.588
1775000288,E7,49.992
1775000289,E7,50.353
1775000290,E7,51.433
1775000291,E7,60.648
1775000292,E7,61.3
1775000293,E7,51.417
1775000294,E7,48.101
1775000295,E7,51.63
1775000296,E7,46.352
1775000297,E7,53.451
1775000298,E7,56.335
1775000299,E7,53.382
1775000300,E7,49.725
1775000301,E7,45.199
1775000302,E7,51.323
1775000303,E7,46.642
1775000304,E7,43.856
1775000305,E7,53.646
1775000306,E7,50.471
1775000307,E7,53.418
1775000308,E7,45.724
1775000309,E7,46.357
1775000310,E7,54.228
1775000311,E7,46.398
1775000312,E7,51.139
1775000313,E7,43.408
1775000314,E7,49.371
1775000315,E7,44.434
1775000316,E7,53.28
1775000317,E7,50.02
1775000318,E7,48.744
1775000319,E7,42.043
1775000320,E7,41.583
1775000321,E7,47.393
1775000322,E7,45.378
1775000323,E7,44.642
1775000324,E7,51.612
1775000325,E7,43.914
1775000326,E7,40.353
1775000327,E7,41.068
1775000328,E7,37.398
1775000329,E7,42.179
1775000330,E7,46.402
1775000331,E7,44.077
1775000332,E7,47.199
1775000333,E7,38.24
1775000334,E7,39.371
1775000335,E7,48.221
1775000336,E7,48.4
1775000337,E7,48.522
1775000338,E7,45.768
1775000339,E7,44.573
1775000340,E7,47.98
1775000341,E7,40.74
1775000342,E7,43.333
1775000343,E7,48.647
1775000344,E7,43.123
1775000345,E7,37.227
1775000346,E7,40.094
1775000347,E7,43.32
1775000348,E7,35.399
1775000349,E7,40.775
1775000350,E7,44.778
1775000351,E7,35.888
1775000352,E7,40.615
1775000353,E7,37.557
1775000354,E7,37.499
1775000355,E7,35.993
1775000356,E7,45.263
1775000357,E7,40.491
1775000358,E7,45.748
1775000359,E7,39.446
1775000000,E8,16.101
1775000001,E8,17.779
1775000002,E8,16.117
1775000003,E8,12.726
1775000004,E8,13.81
1775000005,E8,15.508
1775000006,E8,13.248
1775000007,E8,12.808
1775000008,E8,19.168
1775000009,E8,18.552
1775000010,E8,18.951
1775000011,E8,14.397
1775000012,E8,13.806
1775000013,E8,19.173
1775000014,E8,20.553
1775000015,E8,18.252
1775000016,E8,14.5
1775000017,E8,18.64
1775000018,E8,14.177
1775000019,E8,16.649
1775000020,E8,13.192
1775000021,E8,20.674
1775000022,E8,19.403
1775000023,E8,20.576
1775000024,E8,15.324
1775000025,E8,18.471
1775000026,E8,15.434
1775000027,E8,19.185
1775000028,E8,15.559
1775000029,E8,14.286
1775000030,E8,15.762
1775000031,E8,17.379
1775000032,E8,17.534
1775000033,E8,17.519
1775000034,E8,14.585
1775000035,E8,17.031
1775000036,E8,17.263
1775000037,E8,20.413
1775000038,E8,17.949
1775000039,E8,19.309
1775000040,E8,19.811
1775000041,E8,21.322
1775000042,E8,21.077
1775000043,E8,15.908
1775000044,E8,16.353
1775000045,E8,17.991
1775000046,E8,13.993
1775000047,E8,21.431
1775000048,E8,18.668
1775000049,E8,21.752
1775000050,E8,15.788
1775000051,E8,18.404
1775000052,E8,16.934
1775000053,E8,21.143
1775000054,E8,19.577
1775000055,E8,22.223
1775000056,E8,19.434
1775000057,E8,21.758
1775000058,E8,19.328
1775000059,E8,17.815
1775000060,E8,18.11
1775000061,E8,18.545
1775000062,E8,15.116
1775000063,E8,19.491
1775000064,E8,18.537
1775000065,E8,17.706
1775000066,E8,21.578
1775000067,E8,17.631
1775000068,E8,15.847
1775000069,E8,19.469
1775000070,E8,20.555
1775000071,E8,15.88
1775000072,E8,16.102
1775000073,E8,21.051
1775000074,E8,17.744
1775000075,E8,16.506
1775000076,E8,18.096
1775000077,E8,20.113
1775000078,E8,21.834
1775000079,E8,16.069
1775000080,E8,17.808
1775000081,E8,15.433
1775000082,E8,19.284
1775000083,E8,20.062
1775000084,E8,18.803
1775000085,E8,20.641
1775000086,E8,19.128
1775000087,E8,15.969
1775000088,E8,20.364
1775000089,E8,22.628
1775000090,E8,16.879
1775000091,E8,20.623
1775000092,E8,22.19
1775000093,E8,18.569
1775000094,E8,21.541
1775000095,E8,23.699
1775000096,E8,19.58
1775000097,E8,21.558
1775000098,E8,21.909
1775000099,E8,20.239
1775000100,E8,16.213
1775000101,E8,18.017
1775000102,E8,16.026
1775000103,E8,21.517
1775000104,E8,21.673
1775000105,E8,22.211
1775000106,E8,18.885
1775000107,E8,17.916
1775000108,E8,21.828
1775000109,E8,23.283
1775000110,E8,18.339
1775000111,E8,19.594
1775000112,E8,17.402
1775000113,E8,20.081
1775000114,E8,22.039
1775000115,E8,22.469
1775000116,E8,24.291
1775000117,E8,22.557
1775000118,E8,19.486
1775000119,E8,22.099
1775000120,E8,23.325
1775000121,E8,22.192
1775000122,E8,17.786
1775000123,E8,20.268
1775000124,E8,21.515
1775000125,E8,21.935
1775000126,E8,19.747
1775000127,E8,19.85
1775000128,E8,23.312
1775000129,E8,20.354
1775000130,E8,22.238
1775000131,E8,20.951
1775000132,E8,19.979
1775000133,E8,20.328
1775000134,E8,19.242
1775000135,E8,18.597
1775000136,E8,18.024
1775000137,E8,20.021
1775000138,E8,21.354
1775000139,E8,21.654
1775000140,E8,23.184
1775000141,E8,22.579
1775000142,E8,22.072
1775000143,E8,21.514
1775000144,E8,25.717
1775000145,E8,20.209
1775000146,E8,22.792
1775000147,E8,20.58
1775000148,E8,21.02
1775000149,E8,18.701
1775000150,E8,24.95
1775000151,E8,26.569
1775000152,E8,20.235
1775000153,E8,21.857
1775000154,E8,22.143
1775000155,E8,26.586
1775000156,E8,24.395
1775000157,E8,20.187
1775000158,E8,24.788
1775000159,E8,23.524
1775000160,E8,20.01
1775000161,E8,25.555
1775000162,E8,24.288
1775000163,E8,26.739
1775000164,E8,26.804
1775000165,E8,24.96
1775000166,E8,20.711
1775000167,E8,21.013
1775000168,E8,22.187
1775000169,E8,25.523
1775000170,E8,27.416
1775000171,E8,24.188
1775000172,E8,25.24
1775000173,E8,24.25
1775000174,E8,23.915
1775000175,E8,24.9
1775000176,E8,24.668
1775000177,E8,25.962
1775000178,E8,23.978
1775000179,E8,24.357
1775000180,E8,25.074
1775000181,E8,30.641
1775000182,E8,23.234
1775000183,E8,29.149
1775000184,E8,30.569
1775000185,E8,25.439
1775000186,E8,28.245
1775000187,E8,27.048
1775000188,E8,27.129
1775000189,E8,27.102
1775000190,E8,26.384
1775000191,E8,27.304
1775000192,E8,32.299
1775000193,E8,32.38
1775000194,E8,32.208
1775000195,E8,32.211
1775000196,E8,32.267
1775000197,E8,33.056
1775000198,E8,27.419
1775000199,E8,30.096
1775000200,E8,32.214
1775000201,E8,35.085
1775000202,E8,33.328
1775000203,E8,34.123
1775000204,E8,34.775
1775000205,E8,33.404
1775000206,E8,34.669
1775000207,E8,31.023
1775000208,E8,35.347
1775000209,E8,37.83
1775000210,E8,37.505
1775000211,E8,38.853
1775000212,E8,32.829
1775000213,E8,37.784
1775000214,E8,35.902
1775000215,E8,39.354
1775000216,E8,39.749
1775000217,E8,34.076
1775000218,E8,34.185
1775000219,E8,40.489
1775000220,E8,40.339
1775000221,E8,35.436
1775000222,E8,37.879
1775000223,E8,39.706
1775000224,E8,40.658
1775000225,E8,40.108
1775000226,E8,39.631
1775000227,E8,37.568
1775000228,E8,43.17
1775000229,E8,41.936
1775000230,E8,42.563
1775000231,E8,44.537
1775000232,E8,42.504
1775000233,E8,43.351
1775000234,E8,47.299
1775000235,E8,40.843
1775000236,E8,47.51
1775000237,E8,46.004
1775000238,E8,47.372
1775000239,E8,47.995
1775000240,E8,46.427
1775000241,E8,47.254
1775000242,E8,44.485
1775000243,E8,52.518
1775000244,E8,45.103
1775000245,E8,52.319
1775000246,E8,51.614
1775000247,E8,48.786
1775000248,E8,52.999
1775000249,E8,47.578
1775000250,E8,48.324
1775000251,E8,50.099
1775000252,E8,51.402
1775000253,E8,53.877
1775000254,E8,49.884
1775000255,E8,55.367
1775000256,E8,54.396
1775000257,E8,55.718
1775000258,E8,51.918
1775000259,E8,57.508
1775000260,E8,57.131
1775000261,E8,54.371
1775000262,E8,56.991
1775000263,E8,58.002
1775000264,E8,57.596
1775000265,E8,54.958
1775000266,E8,57.421
1775000267,E8,62.211
1775000268,E8,62.486
1775000269,E8,60.158
1775000270,E8,63.56
1775000271,E8,65.122
1775000272,E8,63.378
1775000273,E8,64.261
1775000274,E8,59.479
1775000275,E8,63.424
1775000276,E8,63.566
1775000277,E8,60.152
1775000278,E8,66.057
1775000279,E8,63.12
1775000280,E8,63.052
1775000281,E8,65.274
1775000282,E8,68.415
1775000283,E8,67.599
1775000284,E8,69.491
1775000285,E8,63.433
1775000286,E8,67.531
1775000287,E8,69.898
1775000288,E8,68.888
1775000289,E8,69.844
1775000290,E8,63.735
1775000291,E8,71.091
1775000292,E8,69.84
1775000293,E8,64.754
1775000294,E8,70.568
1775000295,E8,67.646
1775000296,E8,67.219
1775000297,E8,64.726
1775000298,E8,69.314
1775000299,E8,68.786
1775000300,E8,64.692
1775000301,E8,70.423
1775000302,E8,65.075
1775000303,E8,69.722
1775000304,E8,71.976
1775000305,E8,67.704
1775000306,E8,70.128
1775000307,E8,69.118
1775000308,E8,65.781
1775000309,E8,68.184
1775000310,E8,71.972
1775000311,E8,66.092
1775000312,E8,71.77
1775000313,E8,71.893
1775000314,E8,67.639
1775000315,E8,70.531
1775000316,E8,69.27
1775000317,E8,68.384
1775000318,E8,69.023
1775000319,E8,65.924
1775000320,E8,66.666
1775000321,E8,65.671
1775000322,E8,64.604
1775000323,E8,67.363
1775000324,E8,70.224
1775000325,E8,69.321
1775000326,E8,71.023
1775000327,E8,63.453
1775000328,E8,64.906
1775000329,E8,67.391
1775000330,E8,62.815
1775000331,E8,68.683
1775000332,E8,68.848
1775000333,E8,63.374
1775000334,E8,61.173
1775000335,E8,62.899
1775000336,E8,67.209
1775000337,E8,65.48
1775000338,E8,63.864
1775000339,E8,60.966
1775000340,E8,65.407
1775000341,E8,66.769
1775000342,E8,66.275
1775000343,E8,60.982
1775000344,E8,64.802
1775000345,E8,61.151
1775000346,E8,59.34
1775000347,E8,59.704
1775000348,E8,61.209
1775000349,E8,62.13
1775000350,E8,61.731
1775000351,E8,62.087
1775000352,E8,61.403
1775000353,E8,55.913
1775000354,E8,58.929
1775000355,E8,60.47
1775000356,E8,60.788
1775000357,E8,59.938
1775000358,E8,53.057
1775000359,E8,60.097
1775000000,E9,14.32
1775000001,E9,15.993
1775000002,E9,20.31
1775000003,E9,13.11
1775000004,E9,13.103
1775000005,E9,20.368
1775000006,E9,15.091
1775000007,E9,14.445
1775000008,E9,17.341
1775000009,E9,16.953
1775000010,E9,17.362
1775000011,E9,15.835
1775000012,E9,16.182
1775000013,E9,15.605
1775000014,E9,20.79
1775000015,E9,20.754
1775000016,E9,14.751
1775000017,E9,14.788
1775000018,E9,14.651
1775000019,E9,16.998
1775000020,E9,15.7
1775000021,E9,20.002
1775000022,E9,18.327
1775000023,E9,17.778
1775000024,E9,18.542
1775000025,E9,16.586
1775000026,E9,16.196
1775000027,E9,18.495
1775000028,E9,18.863
1775000029,E9,24.125
1775000030,E9,22.3
1775000031,E9,20.071
1775000032,E9,24.032
1775000033,E9,21.051
1775000034,E9,19.74
1775000035,E9,24.84
1775000036,E9,23.578
1775000037,E9,23.633
1775000038,E9,19.781
1775000039,E9,26.143
1775000040,E9,22.19
1775000041,E9,26.403
1775000042,E9,23.185
1775000043,E9,21.938
1775000044,E9,26.863
1775000045,E9,26.859
1775000046,E9,23.178
1775000047,E9,22.908
1775000048,E9,26.662
1775000049,E9,22.262
1775000050,E9,29.912
1775000051,E9,29.227
1775000052,E9,25.217
1775000053,E9,28.954
1775000054,E9,27.23
1775000055,E9,25.125
1775000056,E9,28.709
1775000057,E9,31.858
1775000058,E9,30.829
1775000059,E9,30.588
1775000060,E9,29.333
1775000061,E9,28.293
1775000062,E9,33.367
1775000063,E9,27.436
1775000064,E9,34.941
1775000065,E9,34.438
1775000066,E9,31.477
1775000067,E9,29.38
1775000068,E9,30.218
1775000069,E9,31.254
1775000070,E9,31.12
1775000071,E9,34.321
1775000072,E9,32.509
1775000073,E9,31.387
1775000074,E9,38.261
1775000075,E9,35.977
1775000076,E9,38.8
1775000077,E9,40.422
1775000078,E9,35.075
1775000079,E9,34.722
1775000080,E9,42.001
1775000081,E9,39.31
1775000082,E9,42.782
1775000083,E9,42.26
1775000084,E9,42.071
1775000085,E9,43.973
1775000086,E9,42.37
1775000087,E9,41.802
1775000088,E9,44.751
1775000089,E9,43.573
1775000090,E9,45.524
1775000091,E9,43.783
1775000092,E9,48.315
1775000093,E9,47.159
1775000094,E9,48.849
1775000095,E9,42.987
1775000096,E9,47.699
1775000097,E9,46.697
1775000098,E9,49.372
1775000099,E9,52.013
1775000100,E9,50.366
1775000101,E9,52.373
1775000102,E9,48.512
1775000103,E9,51.146
1775000104,E9,52.932
1775000105,E9,53.166
1775000106,E9,51.754
1775000107,E9,55.064
1775000108,E9,53.267
1775000109,E9,50.71
1775000110,E9,50.025
1775000111,E9,54.927
1775000112,E9,51.526
1775000113,E9,54.762
1775000114,E9,57.266
1775000115,E9,57.347
1775000116,E9,57.729
1775000117,E9,53.599
1775000118,E9,57.249
1775000119,E9,56.546
1775000120,E9,54.747
1775000121,E9,61.613
1775000122,E9,54.525
1775000123,E9,60.207
1775000124,E9,59.057
1775000125,E9,61.969
1775000126,E9,61.934
1775000127,E9,57.131
1775000128,E9,57.137
1775000129,E9,62.669
1775000130,E9,59.054
1775000131,E9,59.444
1775000132,E9,62.011
1775000133,E9,61.879
1775000134,E9,58.471
1775000135,E9,61.215
1775000136,E9,57.497
1775000137,E9,64.757
1775000138,E9,62.274
1775000139,E9,59.659
1775000140,E9,63.706
1775000141,E9,60.666
1775000142,E9,64.396
1775000143,E9,62.436
1775000144,E9,61.666
1775000145,E9,58.999
1775000146,E9,62.077
1775000147,E9,64.879
1775000148,E9,62.463
1775000149,E9,62.852
1775000150,E9,58.501
1775000151,E9,58.134
1775000152,E9,62.384
1775000153,E9,59.814
1775000154,E9,65.544
1775000155,E9,60.324
1775000156,E9,59.856
1775000157,E9,58.085
1775000158,E9,63.004
1775000159,E9,57.325
1775000160,E9,60.47
1775000161,E9,57.287
1775000162,E9,57.453
1775000163,E9,58.837
1775000164,E9,57.595
1775000165,E9,62.035
1775000166,E9,61.417
1775000167,E9,60.97
1775000168,E9,55.264
1775000169,E9,62.023
1775000170,E9,60.732
1775000171,E9,59.159
1775000172,E9,54.314
1775000173,E9,60.727
1775000174,E9,56.467
1775000175,E9,60.191
1775000176,E9,56.651
1775000177,E9,58.083
1775000178,E9,56.883
1775000179,E9,57.22
1775000180,E9,54.617
1775000181,E9,57.463
1775000182,E9,52.1
1775000183,E9,53.259
1775000184,E9,51.594
1775000185,E9,53.283
1775000186,E9,54.429
1775000187,E9,55.889
1775000188,E9,54.096
1775000189,E9,52.685
1775000190,E9,48.486
1775000191,E9,52.332
1775000192,E9,48.352
1775000193,E9,51.654
1775000194,E9,48.291
1775000195,E9,49.903
1775000196,E9,51.214
1775000197,E9,46.91
1775000198,E9,46.515
1775000199,E9,50.424
1775000200,E9,44.045
1775000201,E9,47.202
1775000202,E9,46.226
1775000203,E9,47.195
1775000204,E9,43.898
1775000205,E9,43.048
1775000206,E9,43.407
1775000207,E9,39.811
1775000208,E9,41.428
1775000209,E9,39.671
1775000210,E9,42.418
1775000211,E9,45.846
1775000212,E9,40.125
1775000213,E9,42.069
1775000214,E9,38.081
1775000215,E9,36.81
1775000216,E9,38.329
1775000217,E9,40.5
1775000218,E9,36.026
1775000219,E9,39.943
1775000220,E9,42.188
1775000221,E9,36.199
1775000222,E9,34.659
1775000223,E9,37.955
1775000224,E9,39.531
1775000225,E9,36.764
1775000226,E9,34.615
1775000227,E9,34.507
1775000228,E9,39.224
1775000229,E9,33.88
1775000230,E9,36.732
1775000231,E9,35.946
1775000232,E9,31.79
1775000233,E9,37.629
1775000234,E9,37.554
1775000235,E9,35.105
1775000236,E9,31.955
1775000237,E9,30.957
1775000238,E9,29.409
1775000239,E9,33.38
1775000240,E9,30.259
1775000241,E9,35.638
1775000242,E9,34.531
1775000243,E9,31.274
1775000244,E9,34.361
1775000245,E9,32.76
1775000246,E9,30.611
1775000247,E9,29.383
1775000248,E9,32.782
1775000249,E9,31.693
1775000250,E9,28.74
1775000251,E9,32.791
1775000252,E9,30.829
1775000253,E9,28.656
1775000254,E9,33.225
1775000255,E9,28.129
1775000256,E9,30.221
1775000257,E9,26.109
1775000258,E9,26.288
1775000259,E9,28.64
1775000260,E9,29.686
1775000261,E9,25.719
1775000262,E9,29.871
1775000263,E9,27.989
1775000264,E9,31.246
1775000265,E9,27.015
1775000266,E9,27.695
1775000267,E9,29.474
1775000268,E9,26.644
1775000269,E9,27.255
1775000270,E9,23.775
1775000271,E9,27.153
1775000272,E9,30.003
1775000273,E9,24.896
1775000274,E9,26.291
1775000275,E9,30.429
1775000276,E9,27.784
1775000277,E9,26.872
1775000278,E9,28.022
1775000279,E9,27.195
1775000280,E9,28.868
1775000281,E9,30.587
1775000282,E9,27.836
1775000283,E9,30.17
1775000284,E9,30.027
1775000285,E9,23.151
1775000286,E9,26.478
1775000287,E9,23.661
1775000288,E9,28.763
1775000289,E9,24.608
1775000290,E9,29.628
1775000291,E9,27.816
1775000292,E9,25.032
1775000293,E9,28.905
1775000294,E9,28.287
1775000295,E9,24.33
1775000296,E9,25.641
1775000297,E9,23.002
1775000298,E9,22.33
1775000299,E9,27.948
1775000300,E9,22.735
1775000301,E9,27.747
1775000302,E9,29.679
1775000303,E9,27.88
1775000304,E9,23.557
1775000305,E9,29.539
1775000306,E9,26.388
1775000307,E9,23.099
1775000308,E9,24.362
1775000309,E9,24.892
1775000310,E9,25.155
1775000311,E9,25.511
1775000312,E9,23.741
1775000313,E9,22.538
1775000314,E9,28.634
1775000315,E9,26.956
1775000316,E9,29.574
1775000317,E9,23.928
1775000318,E9,23.746
1775000319,E9,27.809
1775000320,E9,29.996
1775000321,E9,26.78
1775000322,E9,29.651
1775000323,E9,25.659
1775000324,E9,24.19
1775000325,E9,25.891
1775000326,E9,29.975
1775000327,E9,29.898
1775000328,E9,24.328
1775000329,E9,27.07
1775000330,E9,27.787
1775000331,E9,23.215
1775000332,E9,25.895
1775000333,E9,25.054
1775000334,E9,27.095
1775000335,E9,27.896
1775000336,E9,23.914
1775000337,E9,26.332
1775000338,E9,28.761
1775000339,E9,23.616
1775000340,E9,25.254
1775000341,E9,26.508
1775000342,E9,30.08
1775000343,E9,24.355
1775000344,E9,27.534
1775000345,E9,27.414
1775000346,E9,30.099
1775000347,E9,25.307
1775000348,E9,23.641
1775000349,E9,27.839
1775000350,E9,28.739
1775000351,E9,31.013
1775000352,E9,24.87
1775000353,E9,27.574
1775000354,E9,25.943
1775000355,E9,28.724
1775000356,E9,24.763
1775000357,E9,30.614
1775000358,E9,31.657
1775000359,E9,25.575
1775000000,E10,17.522
1775000001,E10,21.762
1775000002,E10,20.384
1775000003,E10,19.855
1775000004,E10,20.2
1775000005,E10,18.574
1775000006,E10,21.27
1775000007,E10,17.935
1775000008,E10,14.788
1775000009,E10,20.004
1775000010,E10,15.114
1775000011,E10,21.824
1775000012,E10,20.975
1775000013,E10,15.52
1775000014,E10,15.328
1775000015,E10,21.081
1775000016,E10,22.391
1775000017,E10,16.358
1775000018,E10,19.394
1775000019,E10,20.982
1775000020,E10,21.088
1775000021,E10,20.076
1775000022,E10,22.3
1775000023,E10,17.699
1775000024,E10,17.691
1775000025,E10,22.163
1775000026,E10,20.189
1775000027,E10,21.781
1775000028,E10,18.263
1775000029,E10,15.286
1775000030,E10,17.936
1775000031,E10,19.389
1775000032,E10,22.815
1775000033,E10,19.093
1775000034,E10,15.733
1775000035,E10,23.021
1775000036,E10,15.747
1775000037,E10,19.741
1775000038,E10,18.405
1775000039,E10,22.021
1775000040,E10,18.027
1775000041,E10,17.785
1775000042,E10,18.292
1775000043,E10,22.493
1775000044,E10,20.283
1775000045,E10,15.75
1775000046,E10,20.978
1775000047,E10,18.708
1775000048,E10,20.631
1775000049,E10,18.151
1775000050,E10,21.934
1775000051,E10,16.162
1775000052,E10,22.529
1775000053,E10,18.105
1775000054,E10,23.551
1775000055,E10,22.999
1775000056,E10,17.241
1775000057,E10,20.919
1775000058,E10,16.5
1775000059,E10,22.285
1775000060,E10,20.894
1775000061,E10,17.608
1775000062,E10,22.779
1775000063,E10,19.892
1775000064,E10,16.581
1775000065,E10,21.134
1775000066,E10,20.513
1775000067,E10,16.542
1775000068,E10,20.976
1775000069,E10,20.742
1775000070,E10,17.947
1775000071,E10,23.247
1775000072,E10,17.428
1775000073,E10,20.95
1775000074,E10,24.062
1775000075,E10,21.877
1775000076,E10,24.309
1775000077,E10,19.078
1775000078,E10,20.658
1775000079,E10,17.65
1775000080,E10,19.22
1775000081,E10,23.542
1775000082,E10,23.99
1775000083,E10,19.003
1775000084,E10,18.515
1775000085,E10,19.422
1775000086,E10,20.952
1775000087,E10,25.017
1775000088,E10,22.154
1775000089,E10,20.221
1775000090,E10,23.48
1775000091,E10,23.149
1775000092,E10,19.552
1775000093,E10,18.233
1775000094,E10,21.745
1775000095,E10,20.037
1775000096,E10,22.298
1775000097,E10,23.392
1775000098,E10,18.205
1775000099,E10,19.273
1775000100,E10,21.851
1775000101,E10,23.019
1775000102,E10,24.975
1775000103,E10,19.488
1775000104,E10,19.471
1775000105,E10,22.814
1775000106,E10,23.368
1775000107,E10,20.265
1775000108,E10,21.978
1775000109,E10,18.718
1775000110,E10,23.812
1775000111,E10,22.994
1775000112,E10,23.013
1775000113,E10,18.286
1775000114,E10,20.953
1775000115,E10,22.527
1775000116,E10,21.503
1775000117,E10,19.832
1775000118,E10,23.422
1775000119,E10,21.14
1775000120,E10,20.396
1775000121,E10,23.479
1775000122,E10,26.135
1775000123,E10,22.971
1775000124,E10,22.94
1775000125,E10,24.744
1775000126,E10,23.662
1775000127,E10,24.711
1775000128,E10,22.958
1775000129,E10,19.581
1775000130,E10,26.273
1775000131,E10,25.213
1775000132,E10,19.677
1775000133,E10,19.694
1775000134,E10,21.581
1775000135,E10,22.392
1775000136,E10,22.316
1775000137,E10,19.733
1775000138,E10,26.289
1775000139,E10,19.586
1775000140,E10,21.816
1775000141,E10,23.507
1775000142,E10,19.823
1775000143,E10,21.796
1775000144,E10,20.14
1775000145,E10,23.403
1775000146,E10,24.944
1775000147,E10,20.345
1775000148,E10,21.486
1775000149,E10,22.503
1775000150,E10,20.211
1775000151,E10,25.647
1775000152,E10,23.664
1775000153,E10,27.473
1775000154,E10,21.933
1775000155,E10,25.329
1775000156,E10,27.71
1775000157,E10,24.587
1775000158,E10,20.015
1775000159,E10,21.959
1775000160,E10,20.396
1775000161,E10,24.321
1775000162,E10,23.547
1775000163,E10,25.185
1775000164,E10,24.433
1775000165,E10,28.049
1775000166,E10,24.55
1775000167,E10,25.856
1775000168,E10,21.535
1775000169,E10,22.158
1775000170,E10,27.195
1775000171,E10,24.985
1775000172,E10,25.593
1775000173,E10,27.749
1775000174,E10,23.801
1775000175,E10,21.487
1775000176,E10,22.893
1775000177,E10,29.763
1775000178,E10,29.625
1775000179,E10,29.713
1775000180,E10,28.638
1775000181,E10,24.814
1775000182,E10,24.568
1775000183,E10,24.559
1775000184,E10,24.748
1775000185,E10,23.421
1775000186,E10,30.35
1775000187,E10,31.442
1775000188,E10,26.134
1775000189,E10,30.816
1775000190,E10,25.848
1775000191,E10,26.736
1775000192,E10,30.988
1775000193,E10,31.578
1775000194,E10,30.093
1775000195,E10,33.775
1775000196,E10,34.26
1775000197,E10,32.168
1775000198,E10,35.788
1775000199,E10,34.802
1775000200,E10,30.154
1775000201,E10,35.758
1775000202,E10,32.762
1775000203,E10,33.308
1775000204,E10,31.97
1775000205,E10,37.175
1775000206,E10,37.818
1775000207,E10,40.042
1775000208,E10,36.547
1775000209,E10,41.192
1775000210,E10,34.808
1775000211,E10,42.898
1775000212,E10,38.168
1775000213,E10,37.513
1775000214,E10,37.707
1775000215,E10,46.169
1775000216,E10,43.389
1775000217,E10,42.691
1775000218,E10,48.477
1775000219,E10,42.495
1775000220,E10,44.352
1775000221,E10,49.158
1775000222,E10,48.728
1775000223,E10,45.528
1775000224,E10,51.826
1775000225,E10,48.59
1775000226,E10,50.062
1775000227,E10,53.269
1775000228,E10,53.314
1775000229,E10,50.374
1775000230,E10,56.96
1775000231,E10,56.888
1775000232,E10,57.074
1775000233,E10,60.03
1775000234,E10,57.181
1775000235,E10,58.331
1775000236,E10,63.686
1775000237,E10,60.408
1775000238,E10,60.127
1775000239,E10,60.035
1775000240,E10,65.973
1775000241,E10,64.045
1775000242,E10,64.598
1775000243,E10,60.671
1775000244,E10,62.36
1775000245,E10,65.726
1775000246,E10,63.371
1775000247,E10,63.561
1775000248,E10,66.003
1775000249,E10,67.913
1775000250,E10,67.797
1775000251,E10,64.304
1775000252,E10,67.171
1775000253,E10,72.062
1775000254,E10,68.418
1775000255,E10,69.73
1775000256,E10,65.562
1775000257,E10,72.82
1775000258,E10,71.362
1775000259,E10,71.904
1775000260,E10,69.157
1775000261,E10,72.297
1775000262,E10,66.195
1775000263,E10,69.003
1775000264,E10,64.62
1775000265,E10,68.453
1775000266,E10,70.282
1775000267,E10,68.343
1775000268,E10,63.533
1775000269,E10,63.924
1775000270,E10,66.187
1775000271,E10,65.623
1775000272,E10,66.624
1775000273,E10,67.411
1775000274,E10,65.518
1775000275,E10,61.423
1775000276,E10,60.719
1775000277,E10,64.784
1775000278,E10,62.357
1775000279,E10,59.549
1775000280,E10,58.767
1775000281,E10,58.359
1775000282,E10,60.643
1775000283,E10,59.646
1775000284,E10,58.982
1775000285,E10,58.835
1775000286,E10,51.786
1775000287,E10,56.303
1775000288,E10,57.081
1775000289,E10,54.004
1775000290,E10,49.322
1775000291,E10,50.555
1775000292,E10,53.759
1775000293,E10,48.882
1775000294,E10,50.559
1775000295,E10,47.993
1775000296,E10,49.722
1775000297,E10,45.469
1775000298,E10,44.562
1775000299,E10,42.321
1775000300,E10,41.784
1775000301,E10,39.995
1775000302,E10,40.231
1775000303,E10,40.22
1775000304,E10,41.26
1775000305,E10,42.62
1775000306,E10,41.687
1775000307,E10,37.22
1775000308,E10,36.134
1775000309,E10,41.31
1775000310,E10,36.731
1775000311,E10,35.242
1775000312,E10,35.968
1775000313,E10,36.895
1775000314,E10,40.031
1775000315,E10,35.278
1775000316,E10,34.087
1775000317,E10,38.003
1775000318,E10,34.326
1775000319,E10,38.237
1775000320,E10,35.259
1775000321,E10,37.858
1775000322,E10,34.318
1775000323,E10,30.282
1775000324,E10,30.26
1775000325,E10,36.367
1775000326,E10,33.587
1775000327,E10,34.246
1775000328,E10,31.402
1775000329,E10,33.005
1775000330,E10,29.993
1775000331,E10,28.626
1775000332,E10,30.092
1775000333,E10,34.784
1775000334,E10,30.998
1775000335,E10,29.305
1775000336,E10,29.679
1775000337,E10,27.888
1775000338,E10,30.673
1775000339,E10,35.144
1775000340,E10,30.217
1775000341,E10,32.447
1775000342,E10,31.106
1775000343,E10,33.843
1775000344,E10,33.964
1775000345,E10,27.622
1775000346,E10,31.248
1775000347,E10,32.065
1775000348,E10,32.038
1775000349,E10,33.041
1775000350,E10,34.394
1775000351,E10,30.62
1775000352,E10,31.073
1775000353,E10,30.071
1775000354,E10,28.69
1775000355,E10,31.261
1775000356,E10,27.682
1775000357,E10,32.525
1775000358,E10,30.357
1775000359,E10,29.229
